patient_id,age,gender,tissue_source_site,neoplasm_histologic_grade,race_list,person_neoplasm_cancer_status,anatomic_neoplasm_subdivision,stage_event,vital_status,icd_10,real_survival_time
5149,0.385714286,MALE,BA,0.25,WHITE,TUMOR FREE,Floor of mouth,1,0,C04.9,248
5151,0.742857143,MALE,BA,0,WHITE,TUMOR FREE,Buccal Mucosa,1,0,C06.0,190
5152,0.514285714,MALE,BA,0.25,WHITE,UNKNOWN,Alveolar Ridge,0.666666667,0,C14.8,846
5153,0.442857143,MALE,BA,0.25,WHITE,WITH TUMOR,Tonsil,0.666666667,1,C09.9,1762
5243,0.442857143,MALE,CR,0.5,WHITE,TUMOR FREE,Tonsil,0.666666667,0,C09.9,2562
5247,0.4,MALE,CR,0.25,BLACK OR AFRICAN AMERICAN,TUMOR FREE,Tonsil,0.666666667,0,C09.9,358
5248,0.471428571,MALE,CR,0.5,WHITE,WITH TUMOR,Tonsil,0.666666667,0,C09.9,1663
5249,0.214285714,FEMALE,CR,1,WHITE,TUMOR FREE,Tonsil,0.666666667,0,C09.9,1152
5250,0.728571429,MALE,CR,0.5,WHITE,TUMOR FREE,Base of tongue,0.666666667,0,C01,799
5323,0.885714286,MALE,CQ,0.25,WHITE,TUMOR FREE,Alveolar Ridge,0.666666667,0,C14.8,1466
5324,0.557142857,MALE,CQ,0.25,WHITE,TUMOR FREE,Floor of mouth,0.666666667,0,C14.8,1207
5325,0.642857143,MALE,CQ,0.25,WHITE,WITH TUMOR,Oral Tongue,0.666666667,1,C02.9,654
5326,0.671428571,MALE,CQ,0.5,WHITE,WITH TUMOR,Alveolar Ridge,0.666666667,1,C14.8,89
5327,0.585714286,FEMALE,CQ,0.25,ASIAN,TUMOR FREE,Oral Tongue,0.666666667,0,C02.9,1184
5329,0.371428571,FEMALE,CQ,0.25,WHITE,TUMOR FREE,Oral Tongue,0.666666667,0,C02.9,841
5330,0.7,FEMALE,CQ,0.5,WHITE,TUMOR FREE,Oral Tongue,0.666666667,0,C02.9,896
5331,0.757142857,FEMALE,CQ,0.25,WHITE,TUMOR FREE,Hard Palate,0.666666667,0,C14.8,1028
5332,0.957142857,MALE,CQ,0.25,WHITE,UNKNOWN,Floor of mouth,0.666666667,1,C14.8,317
5333,0.771428571,MALE,CQ,0.5,WHITE,WITH TUMOR,Oral Tongue,0.666666667,1,C02.9,341
5334,0.957142857,MALE,CQ,0.25,WHITE,WITH TUMOR,Buccal Mucosa,0.666666667,1,C06.0,129
5355,0.628571429,MALE,CN,0.25,BLACK OR AFRICAN AMERICAN,TUMOR FREE,Larynx,1,0,C32.9,279
5356,0.514285714,MALE,CN,0.25,WHITE,TUMOR FREE,Larynx,1,0,C32.9,289
5358,0.571428571,MALE,CN,0.25,WHITE,TUMOR FREE,Floor of mouth,1,0,C04.9,173
5359,0.557142857,MALE,CN,0.25,WHITE,WITH TUMOR,Floor of mouth,0.666666667,1,C04.9,377
5360,0.685714286,MALE,CN,0.25,WHITE,TUMOR FREE,Larynx,0.666666667,0,C32.9,867
5361,0.857142857,MALE,CN,0.25,WHITE,TUMOR FREE,Larynx,0.666666667,0,C32.9,194
5363,0.4,MALE,CN,0.5,BLACK OR AFRICAN AMERICAN,WITH TUMOR,Larynx,0.666666667,1,C32.9,253
5364,0.5,MALE,CN,0.25,WHITE,TUMOR FREE,Floor of mouth,0.666666667,1,C04.9,493
5365,0.257142857,MALE,CN,0.25,WHITE,WITH TUMOR,Tonsil,0.666666667,1,C09.9,351
5366,0.442857143,MALE,CN,0.25,WHITE,WITH TUMOR,Hypopharynx,0.666666667,1,C32.9,360
5367,0.571428571,FEMALE,CN,0.25,WHITE,TUMOR FREE,Oral Tongue,0.666666667,1,C02.9,352
5369,1,FEMALE,CN,0.5,WHITE,UNKNOWN,Hard Palate,0.666666667,1,C05.0,1
5370,0.828571429,MALE,CN,0.5,WHITE,WITH TUMOR,Oral Tongue,0.666666667,1,C02.9,259
5373,0.5,FEMALE,CN,0,WHITE,TUMOR FREE,Floor of mouth,1,0,C04.9,413
5374,0.514285714,FEMALE,CN,0.5,WHITE,TUMOR FREE,Tonsil,0.666666667,0,C09.9,290
5430,0.585714286,MALE,CV,0.5,WHITE,TUMOR FREE,Larynx,1,0,C32.9,4115
5431,0.757142857,MALE,CV,0.5,WHITE,TUMOR FREE,Larynx,1,1,C32.9,522
5432,0.685714286,MALE,CV,0.5,WHITE,TUMOR FREE,Larynx,1,0,C32.9,3930
5434,0.571428571,MALE,CV,0.25,BLACK OR AFRICAN AMERICAN,UNKNOWN,Larynx,1,1,C32.9,3314
5435,0.528571429,MALE,CV,0.5,WHITE,WITH TUMOR,Larynx,1,1,C32.9,2319
5436,0.642857143,MALE,CV,0.25,WHITE,WITH TUMOR,Floor of mouth,1,1,C04.9,584
5439,0.6,MALE,CV,0.25,WHITE,WITH TUMOR,Base of tongue,1,1,C01,546
5440,0.457142857,MALE,CV,0.5,WHITE,TUMOR FREE,Larynx,1,0,C32.9,2732
5441,0.542857143,MALE,CV,0.5,WHITE,TUMOR FREE,Larynx,1,0,C32.9,2663
5442,0.8,FEMALE,CV,0.5,WHITE,TUMOR FREE,Hard Palate,1,0,C05.0,2327
5443,0.614285714,MALE,CV,0.5,BLACK OR AFRICAN AMERICAN,TUMOR FREE,Larynx,1,0,C32.9,2567
5444,0.628571429,MALE,CV,0.5,BLACK OR AFRICAN AMERICAN,TUMOR FREE,Larynx,1,0,C32.9,1969
5555,0.485714286,MALE,BA,0.25,BLACK OR AFRICAN AMERICAN,TUMOR FREE,Larynx,1,0,C32.9,186
5556,0.542857143,FEMALE,BA,0.5,WHITE,TUMOR FREE,Floor of mouth,1,0,C04.9,179
5557,0.3,FEMALE,BA,0.25,WHITE,TUMOR FREE,Oral Tongue,1,0,C14.8,242
5558,0.642857143,MALE,BA,0,WHITE,TUMOR FREE,Hard Palate,0.666666667,0,C14.8,1636
5559,0.742857143,MALE,BA,0.5,WHITE,WITH TUMOR,Tonsil,0.666666667,0,C09.9,1747
5624,0.328571429,FEMALE,DQ,0.25,WHITE,UNKNOWN,Oral Tongue,1,0,C02.9,1149
5625,0.457142857,FEMALE,DQ,0.25,WHITE,WITH TUMOR,Oral Tongue,0.666666667,0,C02.9,1058
5629,0.628571429,MALE,DQ,0.25,WHITE,TUMOR FREE,Larynx,0.666666667,0,C32.9,516
5630,0.757142857,MALE,DQ,0.25,WHITE,TUMOR FREE,Oral Tongue,0.666666667,0,C02.9,477
5631,0.457142857,MALE,DQ,0.5,WHITE,WITH TUMOR,Oral Tongue,0.666666667,1,C02.9,548
5966,0.614285714,FEMALE,CV,0.5,WHITE,TUMOR FREE,Oral Cavity,1,1,C14.8,545
5970,0.557142857,MALE,CV,0.25,WHITE,WITH TUMOR,Oral Tongue,1,1,C02.9,406
5971,0.585714286,MALE,CV,0.25,WHITE,TUMOR FREE,Oral Tongue,1,0,C02.9,540
5973,0.6,FEMALE,CV,0.5,WHITE,TUMOR FREE,Oral Tongue,1,0,C02.9,1737
5976,0.428571429,MALE,CV,0.25,WHITE,TUMOR FREE,Oral Tongue,1,0,C02.9,1478
5977,0.657142857,MALE,CV,0.25,WHITE,TUMOR FREE,Oral Tongue,1,0,C02.9,1007
5978,0.471428571,FEMALE,CV,0.25,BLACK OR AFRICAN AMERICAN,WITH TUMOR,Larynx,1,1,C32.9,215
5979,0.085714286,MALE,CV,0.25,WHITE,TUMOR FREE,Oral Tongue,1,0,C02.9,1315
6003,0.428571429,FEMALE,CV,0.25,WHITE,TUMOR FREE,Oral Tongue,1,0,C02.9,1246
6010,0.471428571,MALE,CN,0.25,WHITE,TUMOR FREE,Larynx,1,0,C32.9,207
6011,0.528571429,MALE,CN,0.5,WHITE,TUMOR FREE,Alveolar Ridge,1,0,C03.9,228
6012,0.657142857,MALE,CN,0.25,WHITE,TUMOR FREE,Larynx,1,0,C32.9,144
6013,0.514285714,MALE,CN,0.5,WHITE,TUMOR FREE,Alveolar Ridge,1,0,C03.9,155
6016,0.628571429,MALE,CN,0.25,WHITE,TUMOR FREE,Floor of mouth,1,0,C02.9,202
6017,0.5,MALE,CN,0.25,WHITE,TUMOR FREE,Oral Tongue,1,0,C02.9,160
6018,0.928571429,FEMALE,CN,0.25,WHITE,TUMOR FREE,Oral Cavity,1,0,C14.8,45
6019,0.585714286,MALE,CN,0.25,WHITE,TUMOR FREE,Oral Tongue,1,0,C02.9,135
6020,0.542857143,MALE,CN,0.25,BLACK OR AFRICAN AMERICAN,TUMOR FREE,Oral Cavity,1,0,C04.9,98
6021,0.614285714,FEMALE,CN,0.25,WHITE,WITH TUMOR,Larynx,0.666666667,1,C32.9,276
6022,0.414285714,MALE,CN,0.5,WHITE,UNKNOWN,Larynx,1,0,C32.9,202
6023,0.757142857,MALE,CN,1,WHITE,TUMOR FREE,Larynx,0.666666667,0,C32.9,188
6024,0.657142857,MALE,CN,0.25,WHITE,WITH TUMOR,Oral Tongue,0.666666667,0,C02.9,224
6218,0.457142857,FEMALE,CQ,0.25,WHITE,TUMOR FREE,Floor of mouth,0.666666667,0,C02.9,870
6219,0.428571429,FEMALE,CQ,0.25,WHITE,WITH TUMOR,Oral Tongue,0.666666667,1,C02.9,479
6220,0.7,MALE,CQ,0.25,WHITE,UNKNOWN,Buccal Mucosa,0.666666667,1,C14.8,985
6221,0.842857143,MALE,CQ,0.5,WHITE,TUMOR FREE,Oral Tongue,0.666666667,0,C02.9,1000
6222,0.614285714,MALE,CQ,0.25,WHITE,TUMOR FREE,Oral Tongue,0.666666667,0,C02.9,1160
6223,0.7,MALE,CQ,0.25,WHITE,TUMOR FREE,Alveolar Ridge,0.666666667,0,C14.8,1057
6224,0.457142857,MALE,CQ,0.5,WHITE,TUMOR FREE,Oral Tongue,0.666666667,0,C02.9,985
6225,0.642857143,MALE,CQ,0.25,WHITE,UNKNOWN,Oral Tongue,0.666666667,1,C14.8,403
6227,0.814285714,MALE,CQ,0.25,WHITE,WITH TUMOR,Oral Cavity,0.666666667,1,C14.8,129
6228,0.728571429,FEMALE,CQ,0.25,WHITE,UNKNOWN,Floor of mouth,0.666666667,1,C14.8,456
6229,0.585714286,MALE,CQ,0.25,WHITE,TUMOR FREE,Oral Tongue,0.666666667,0,C02.9,815
6433,0.528571429,MALE,CV,0.5,WHITE,TUMOR FREE,Oral Tongue,1,0,C02.9,405
6436,0.6,MALE,CV,0,WHITE,TUMOR FREE,Oral Tongue,1,0,C02.9,743
6441,0.571428571,MALE,CV,0.5,WHITE,WITH TUMOR,Oral Tongue,1,1,C02.9,292
6467,0.557142857,MALE,CR,0.5,WHITE,TUMOR FREE,Tonsil,0.666666667,0,C09.9,1777
6470,0.257142857,MALE,CR,0.25,WHITE,TUMOR FREE,Tonsil,0.666666667,0,C09.9,1521
6471,0.542857143,MALE,CR,0.25,WHITE,WITH TUMOR,Oral Cavity,0.666666667,1,C14.8,1202
6472,0.557142857,MALE,CR,0.5,WHITE,TUMOR FREE,Base of tongue,0.666666667,0,C01,1050
6473,0.685714286,MALE,CR,0.5,WHITE,TUMOR FREE,Hypopharynx,0.666666667,0,C13.9,1125
6474,0.442857143,MALE,CR,0.25,WHITE,WITH TUMOR,Larynx,0.666666667,1,C32.9,564
6477,0.528571429,FEMALE,CR,0.25,WHITE,TUMOR FREE,Base of tongue,1,0,C01,514
6478,0.657142857,FEMALE,CR,0.5,WHITE,UNKNOWN,Tonsil,1,1,C09.9,183
6480,0.471428571,MALE,CR,0.25,WHITE,TUMOR FREE,Tonsil,1,0,C09.9,362
6481,0.385714286,MALE,CR,0.25,WHITE,TUMOR FREE,Tonsil,1,0,C09.9,311
6482,0.6,MALE,CR,0.5,BLACK OR AFRICAN AMERICAN,TUMOR FREE,Tonsil,1,0,C09.9,345
6484,0.671428571,FEMALE,CR,0.25,ASIAN,TUMOR FREE,Oral Cavity,1,0,C14.8,354
6487,0.428571429,MALE,CR,0.5,WHITE,TUMOR FREE,Tonsil,1,0,C09.9,234
6488,0.685714286,FEMALE,CR,0.25,WHITE,TUMOR FREE,Oral Tongue,1,0,C02.9,379
6491,0.571428571,MALE,CR,0.25,BLACK OR AFRICAN AMERICAN,TUMOR FREE,Floor of mouth,1,0,C04.9,350
6492,0.828571429,MALE,CR,0.5,WHITE,TUMOR FREE,Hard Palate,1,0,C05.0,479
6493,0.7,MALE,CR,0.25,BLACK OR AFRICAN AMERICAN,WITH TUMOR,Oral Tongue,1,1,C02.9,282
6515,0.885714286,FEMALE,D6,0.5,WHITE,TUMOR FREE,Oral Tongue,1,1,C02.9,403
6516,0.7,MALE,D6,0.25,WHITE,TUMOR FREE,Lip,1,0,C00.9,325
6517,0.557142857,MALE,D6,0.25,WHITE,WITH TUMOR,Larynx,1,0,C32.9,250
6823,0.428571429,MALE,D6,0.25,WHITE,TUMOR FREE,Oral Tongue,1,0,C02.9,605
6824,0.6,MALE,D6,0.25,WHITE,TUMOR FREE,Larynx,1,0,C32.9,77
6825,0.757142857,MALE,D6,0.25,WHITE,TUMOR FREE,Oral Tongue,1,0,C02.9,153
6826,0.628571429,FEMALE,D6,0.25,WHITE,TUMOR FREE,Larynx,1,0,C32.9,154
6827,0.5,FEMALE,D6,0.5,WHITE,TUMOR FREE,Lip,1,0,C00.9,128
6868,0.471428571,MALE,BA,0.25,BLACK OR AFRICAN AMERICAN,WITH TUMOR,Larynx,1,0,C32.9,153
6869,0.6,MALE,BA,0.25,WHITE,TUMOR FREE,Larynx,1,0,C32.9,244
6870,0.571428571,FEMALE,BA,0.25,BLACK OR AFRICAN AMERICAN,UNKNOWN,Larynx,1,1,C32.9,451
6871,0.785714286,MALE,BA,0.25,WHITE,WITH TUMOR,Base of tongue,1,0,C01,63
6872,0.385714286,MALE,BA,0.25,WHITE,WITH TUMOR,Floor of mouth,0.666666667,1,C04.9,384
6873,0.114285714,MALE,BA,0.25,WHITE,UNKNOWN,Oral Tongue,1,0,C02.9,113
6933,0.471428571,MALE,CV,0.25,WHITE,TUMOR FREE,Oral Tongue,1,1,C02.9,2741
6934,0.657142857,FEMALE,CV,0.25,WHITE,WITH TUMOR,Oral Tongue,1,1,C02.9,65
6935,0.671428571,MALE,CV,0.5,WHITE,WITH TUMOR,Larynx,1,1,C32.9,295
6936,0.685714286,MALE,CV,0.25,WHITE,WITH TUMOR,Floor of mouth,1,1,C04.9,166
6937,0.728571429,MALE,CV,0.25,WHITE,TUMOR FREE,Oral Cavity,1,1,C14.8,624
6938,0.957142857,MALE,CV,0,WHITE,TUMOR FREE,Oral Cavity,1,1,C14.8,144
6939,0.571428571,MALE,CV,0.5,WHITE,WITH TUMOR,Oral Tongue,1,1,C02.9,666
6940,0.857142857,FEMALE,CV,0.25,WHITE,TUMOR FREE,Buccal Mucosa,1,1,C06.0,804
6941,0.442857143,MALE,CV,0.25,WHITE,TUMOR FREE,Oral Tongue,1,1,C02.9,342
6942,0.757142857,FEMALE,CV,0.5,WHITE,TUMOR FREE,Oral Cavity,1,0,C14.8,3835
6943,0.771428571,MALE,CV,0.25,WHITE,WITH TUMOR,Base of tongue,1,1,C01,602
6945,0.3,MALE,CV,0.25,WHITE,WITH TUMOR,Oral Tongue,1,1,C02.9,366
6948,0.842857143,FEMALE,CV,0.25,WHITE,TUMOR FREE,Floor of mouth,1,1,C04.9,1289
6950,0.628571429,MALE,CV,0.25,WHITE,WITH TUMOR,Base of tongue,1,1,C01,459
6951,0.528571429,MALE,CV,0.25,WHITE,WITH TUMOR,Oral Tongue,1,1,C02.9,915
6952,0.642857143,FEMALE,CV,0,WHITE,TUMOR FREE,Oral Tongue,1,1,C02.9,185
6953,0.857142857,FEMALE,CV,0,WHITE,UNKNOWN,Floor of mouth,1,1,C04.9,1641
6954,0.557142857,MALE,CV,0.25,BLACK OR AFRICAN AMERICAN,UNKNOWN,Oral Tongue,1,1,C02.9,2002
6955,0.771428571,FEMALE,CV,0.5,WHITE,WITH TUMOR,Oral Cavity,1,1,C14.8,334
6956,0.671428571,MALE,CV,0.25,WHITE,WITH TUMOR,Oral Tongue,1,1,C02.9,217
6959,0.4,MALE,CV,0.25,WHITE,WITH TUMOR,Oral Tongue,1,1,C02.9,256
6960,0.414285714,MALE,CV,0.5,BLACK OR AFRICAN AMERICAN,TUMOR FREE,Oral Cavity,1,1,C14.8,862
6961,0.585714286,MALE,CV,0.5,WHITE,UNKNOWN,Oral Tongue,1,1,C02.9,76
6962,0.657142857,MALE,CV,0.25,WHITE,TUMOR FREE,Larynx,1,1,C32.9,126
6988,0.385714286,MALE,CN,0.5,WHITE,TUMOR FREE,Larynx,1,0,C32.9,43
6989,0.628571429,MALE,CN,0.25,WHITE,TUMOR FREE,Larynx,1,0,C32.9,178
6992,0.585714286,MALE,CN,0.25,WHITE,TUMOR FREE,Larynx,1,0,C32.9,83
6994,0.671428571,MALE,CN,0.25,WHITE,TUMOR FREE,Oral Cavity,1,0,C14.8,119
6995,0.842857143,MALE,CN,0.25,WHITE,TUMOR FREE,Floor of mouth,1,1,C04.9,112
6996,0.542857143,FEMALE,CN,0.25,WHITE,TUMOR FREE,Oral Tongue,1,0,C02.9,114
6997,0.657142857,MALE,CN,0.5,WHITE,WITH TUMOR,Larynx,1,0,C32.9,100
6998,0.471428571,MALE,CN,0.25,WHITE,TUMOR FREE,Oral Tongue,1,0,C02.9,46
7063,0.557142857,FEMALE,CQ,0,WHITE,TUMOR FREE,Hard Palate,0.666666667,0,C06.9,1461
7065,0.285714286,MALE,CQ,0.25,ASIAN,TUMOR FREE,Oral Tongue,0.666666667,0,C02.9,1007
7067,0.785714286,FEMALE,CQ,0.5,WHITE,TUMOR FREE,Oral Tongue,0.666666667,0,C06.9,509
7068,0.857142857,FEMALE,CQ,0.25,WHITE,TUMOR FREE,Floor of mouth,1,0,C14.8,693
7069,0.814285714,FEMALE,CQ,0.25,WHITE,TUMOR FREE,Alveolar Ridge,1,0,C06.9,901
7071,0.8,FEMALE,CQ,0.25,WHITE,TUMOR FREE,Oral Cavity,1,0,C06.9,877
7072,0.442857143,MALE,CQ,0.5,WHITE,TUMOR FREE,Floor of mouth,0.666666667,0,C02.9,1950
7082,0.885714286,MALE,CX,0.25,WHITE,TUMOR FREE,Oral Cavity,1,1,C14.8,11
7085,0.814285714,FEMALE,CX,0.25,WHITE,TUMOR FREE,Oral Tongue,1,0,C02.9,15
7086,0.471428571,MALE,CX,0.25,BLACK OR AFRICAN AMERICAN,TUMOR FREE,Floor of mouth,1,0,C04.9,237
7089,0.771428571,MALE,CV,0.25,WHITE,TUMOR FREE,Larynx,1,1,C32.9,1972
7090,0.271428571,MALE,CV,0.25,WHITE,TUMOR FREE,Oral Cavity,1,0,C14.8,3837
7091,0.485714286,MALE,CV,0.5,WHITE,TUMOR FREE,Oral Cavity,1,0,C14.8,3381
7095,0.957142857,FEMALE,CV,0.25,WHITE,TUMOR FREE,Oral Cavity,1,1,C14.8,572
7097,0.471428571,MALE,CV,0.5,WHITE,WITH TUMOR,Oral Cavity,1,1,C14.8,385
7099,0.928571429,FEMALE,CV,0.25,WHITE,TUMOR FREE,Oral Cavity,1,1,C14.8,243
7100,0.657142857,MALE,CV,0.5,WHITE,WITH TUMOR,Oral Cavity,1,1,C14.8,274
7101,0.857142857,MALE,CV,0.25,WHITE,TUMOR FREE,Larynx,1,1,C32.9,160
7102,0.8,FEMALE,CV,0.5,WHITE,UNKNOWN,Floor of mouth,1,1,C04.9,56
7103,0.414285714,MALE,CV,0.25,WHITE,WITH TUMOR,Oral Tongue,1,1,C02.9,1591
7104,0.585714286,FEMALE,CV,0.25,WHITE,TUMOR FREE,Oral Tongue,1,1,C02.9,393
7177,0.885714286,FEMALE,CV,0.25,WHITE,WITH TUMOR,Larynx,1,1,C32.9,663
7178,0.628571429,FEMALE,CV,0.5,WHITE,WITH TUMOR,Oral Cavity,1,1,C14.8,2166
7180,0.2,MALE,CV,0.25,WHITE,WITH TUMOR,Oral Tongue,1,1,C02.9,327
7183,0.471428571,MALE,CV,0,WHITE,TUMOR FREE,Oral Cavity,1,0,C14.8,3497
7219,0.385714286,MALE,CX,0.25,BLACK OR AFRICAN AMERICAN,TUMOR FREE,Floor of mouth,0.666666667,0,C04.9,828
7229,0.571428571,MALE,HD,0.5,WHITE,WITH TUMOR,Larynx,1,0,C32.9,2
7235,0.671428571,MALE,CV,0.5,WHITE,TUMOR FREE,Floor of mouth,1,0,C04.9,1724
7236,0.814285714,FEMALE,CV,0.5,WHITE,TUMOR FREE,Oral Tongue,1,1,C02.9,144
7238,0.7,FEMALE,CV,0.25,WHITE,TUMOR FREE,Oral Tongue,1,0,C02.9,1444
7242,0.571428571,FEMALE,CV,0.25,WHITE,TUMOR FREE,Larynx,1,0,C32.9,1095
7243,0.428571429,MALE,CV,0.25,WHITE,TUMOR FREE,Oral Tongue,1,0,C02.9,954
7245,0.6,MALE,CV,0.25,WHITE,TUMOR FREE,Larynx,1,0,C32.9,797
7247,0.5,MALE,CV,0.25,WHITE,WITH TUMOR,Larynx,1,1,C32.9,577
7248,0.614285714,FEMALE,CV,0.25,BLACK OR AFRICAN AMERICAN,TUMOR FREE,Larynx,1,1,C32.9,521
7250,0.628571429,MALE,CV,0,WHITE,TUMOR FREE,Larynx,1,1,C32.9,2900
7252,0.6,FEMALE,CV,0.25,BLACK OR AFRICAN AMERICAN,WITH TUMOR,Oral Cavity,1,1,C14.8,151
7253,0.542857143,MALE,CV,0.25,BLACK OR AFRICAN AMERICAN,WITH TUMOR,Oral Cavity,1,1,C14.8,361
7254,0.5,MALE,CV,0.5,WHITE,WITH TUMOR,Oral Cavity,1,1,C14.8,1459
7255,0.171428571,FEMALE,CV,0.25,WHITE,WITH TUMOR,Oral Tongue,1,1,C02.9,64
7261,0.528571429,MALE,CV,0.25,WHITE,TUMOR FREE,Larynx,1,0,C32.9,1099
7263,0.628571429,MALE,CV,0,BLACK OR AFRICAN AMERICAN,WITH TUMOR,Oral Cavity,1,1,C14.8,560
7269,0.585714286,MALE,BA,0,WHITE,TUMOR FREE,Oral Tongue,1,0,C02.9,236
7364,0.657142857,MALE,CR,0.25,WHITE,TUMOR FREE,Larynx,0.666666667,0,C32.9,1435
7365,0.571428571,MALE,CR,0.25,WHITE,TUMOR FREE,Oral Cavity,0.666666667,0,C14.8,1191
7367,0.457142857,MALE,CR,0,WHITE,TUMOR FREE,Oral Cavity,0.666666667,0,C14.8,1440
7368,0.485714286,MALE,CR,0.25,WHITE,TUMOR FREE,Oral Cavity,0.666666667,0,C14.8,1245
7369,0.557142857,MALE,CR,0.25,WHITE,TUMOR FREE,Oral Cavity,0.666666667,1,C14.8,1090
7370,0.742857143,FEMALE,CR,0.25,WHITE,TUMOR FREE,Larynx,0.666666667,0,C32.9,105
7371,0.357142857,FEMALE,CR,0.25,WHITE,UNKNOWN,Larynx,0.666666667,1,C32.9,94
7372,0.357142857,MALE,CR,0,WHITE,TUMOR FREE,Oral Tongue,0.666666667,0,C02.9,759
7373,0.657142857,MALE,CR,0.25,WHITE,TUMOR FREE,Oral Cavity,0.666666667,0,C14.8,889
7374,0.671428571,FEMALE,CR,0.25,WHITE,WITH TUMOR,Larynx,0.666666667,0,C32.9,30
7376,0.914285714,MALE,CR,0.25,WHITE,TUMOR FREE,Oral Cavity,0.666666667,0,C14.8,972
7377,0.542857143,MALE,CR,0.5,WHITE,UNKNOWN,Oral Cavity,0.666666667,1,C14.8,279
7379,0.828571429,FEMALE,CR,0.25,WHITE,TUMOR FREE,Oral Cavity,0.666666667,0,C14.8,1036
7380,0.542857143,MALE,CR,0.25,WHITE,WITH TUMOR,Oral Cavity,1,1,C14.8,606
7382,0.414285714,MALE,CR,0.25,WHITE,TUMOR FREE,Oral Tongue,0.666666667,0,C02.9,796
7383,0.842857143,FEMALE,CR,0.25,WHITE,WITH TUMOR,Tonsil,0.666666667,1,C09.9,521
7385,0.314285714,MALE,CR,0.25,WHITE,TUMOR FREE,Tonsil,0.666666667,0,C09.9,997
7386,0.7,MALE,CR,0,WHITE,WITH TUMOR,Oral Cavity,0.666666667,0,C14.8,1430
7388,0.714285714,FEMALE,CR,0.25,WHITE,WITH TUMOR,Larynx,0.666666667,1,C32.9,823
7389,0.5,MALE,CR,0.25,BLACK OR AFRICAN AMERICAN,TUMOR FREE,Larynx,0.666666667,0,C32.9,392
7390,0.671428571,MALE,CR,0.25,WHITE,TUMOR FREE,Oral Tongue,0.666666667,0,C02.9,907
7391,0.242857143,FEMALE,CR,0,WHITE,TUMOR FREE,Oral Tongue,0.666666667,0,C02.9,913
7392,0.671428571,FEMALE,CR,0,WHITE,TUMOR FREE,Oral Tongue,0.666666667,0,C02.9,946
7393,0.085714286,MALE,CR,0.25,WHITE,TUMOR FREE,Oral Tongue,0.666666667,0,C02.9,908
7394,0.714285714,MALE,CR,0.25,WHITE,TUMOR FREE,Oral Tongue,0.666666667,0,C02.9,898
7395,0.857142857,FEMALE,CR,0.25,WHITE,TUMOR FREE,Oral Cavity,0.666666667,0,C14.8,930
7397,0.342857143,MALE,CR,0.25,WHITE,TUMOR FREE,Oral Tongue,1,0,C02.9,216
7398,0.471428571,FEMALE,CR,0.25,WHITE,TUMOR FREE,Larynx,1,0,C32.9,156
7399,0.571428571,FEMALE,CR,0.5,WHITE,TUMOR FREE,Larynx,0.666666667,0,C32.9,181
7401,0.628571429,MALE,CR,0.25,WHITE,TUMOR FREE,Oral Tongue,0.666666667,0,C02.9,1077
7402,0.685714286,MALE,CR,0.25,WHITE,TUMOR FREE,Larynx,0.666666667,0,C32.9,911
7404,0.471428571,MALE,CR,0.25,WHITE,WITH TUMOR,Tonsil,0.666666667,0,C09.9,1472
7406,0.428571429,MALE,CV,1,WHITE,UNKNOWN,Base of tongue,1,1,C01,1748
7407,0.671428571,FEMALE,CV,0.25,WHITE,UNKNOWN,Floor of mouth,1,1,C04.9,1081
7409,0.328571429,MALE,CV,0.5,BLACK OR AFRICAN AMERICAN,UNKNOWN,Oral Cavity,1,1,C14.8,543
7410,0.585714286,MALE,CV,1,WHITE,WITH TUMOR,Larynx,1,1,C32.9,6417
7411,0.628571429,FEMALE,CV,0,WHITE,UNKNOWN,Oral Cavity,1,1,C14.8,2717
7413,0.771428571,FEMALE,CV,0.25,WHITE,UNKNOWN,Oral Cavity,1,1,C14.8,294
7414,0.828571429,MALE,CV,0.25,WHITE,UNKNOWN,Oral Cavity,1,1,C14.8,14
7415,0.571428571,MALE,CV,0.25,WHITE,WITH TUMOR,Larynx,1,1,C32.9,695
7416,0.128571429,FEMALE,CV,1,WHITE,UNKNOWN,Oral Cavity,1,1,C14.8,763
7418,0.6,MALE,CV,0.25,BLACK OR AFRICAN AMERICAN,TUMOR FREE,Larynx,1,1,C32.9,789
7421,0.8,MALE,CV,0.25,WHITE,UNKNOWN,Larynx,1,1,C32.9,2
7422,0.571428571,FEMALE,CV,0.5,WHITE,WITH TUMOR,Larynx,1,1,C32.9,1037
7423,0.642857143,MALE,CV,0,WHITE,UNKNOWN,Oral Cavity,1,1,C14.8,3059
7424,0.671428571,MALE,CV,0.25,ASIAN,WITH TUMOR,Larynx,1,1,C32.9,453
7425,0.814285714,FEMALE,CV,0,WHITE,WITH TUMOR,Oral Cavity,1,1,C14.8,1718
7427,0.757142857,FEMALE,CV,0,WHITE,TUMOR FREE,Oral Cavity,1,1,C14.8,4760
7428,0.385714286,MALE,CV,0.25,WHITE,WITH TUMOR,Oral Cavity,1,1,C14.8,1671
7429,0.5,MALE,CV,0.5,WHITE,WITH TUMOR,Oral Cavity,1,1,C14.8,107
7430,0.514285714,MALE,CV,0.25,WHITE,WITH TUMOR,Larynx,1,1,C32.9,495
7432,0.842857143,MALE,CV,0,WHITE,UNKNOWN,Oral Cavity,1,1,C14.8,2570
7433,0.414285714,MALE,CV,0.5,WHITE,WITH TUMOR,Larynx,1,1,C32.9,601
7434,0.628571429,MALE,CV,0.25,WHITE,UNKNOWN,Oral Cavity,1,1,C14.8,218
7435,0.528571429,FEMALE,CV,0.25,WHITE,TUMOR FREE,Oral Cavity,1,0,C14.8,4335
7437,0.814285714,MALE,CV,1,WHITE,WITH TUMOR,Larynx,1,1,C32.9,506
7438,0.957142857,FEMALE,CV,0.5,WHITE,WITH TUMOR,Oral Tongue,1,1,C02.9,194
7440,0.257142857,MALE,CV,1,WHITE,UNKNOWN,Larynx,1,1,C32.9,675
7446,0.657142857,MALE,CV,0.25,WHITE,WITH TUMOR,Oral Tongue,1,1,C02.9,1093
7533,0.642857143,MALE,HL,0.5,WHITE,TUMOR FREE,Oral Cavity,0.666666667,0,C14.8,692
7568,0.4,FEMALE,CV,1,WHITE,UNKNOWN,Oral Cavity,1,1,C14.8,927
7588,0.657142857,MALE,DQ,0.5,WHITE,WITH TUMOR,Buccal Mucosa,1,1,C14.8,427
7589,0.714285714,MALE,DQ,0.75,WHITE,TUMOR FREE,Larynx,1,0,C32.9,575
7590,0.442857143,MALE,DQ,0.75,WHITE,TUMOR FREE,Tonsil,1,0,C09.9,661
7591,0.6,MALE,DQ,0.75,WHITE,TUMOR FREE,Base of tongue,1,0,C01,360
7592,0.528571429,MALE,DQ,0.25,AMERICAN INDIAN OR ALASKA NATIVE,TUMOR FREE,Oral Tongue,1,0,C02.9,299
7593,0.542857143,MALE,DQ,0.75,WHITE,TUMOR FREE,Base of tongue,1,0,C01,369
7594,0.385714286,MALE,DQ,0.75,WHITE,TUMOR FREE,Base of tongue,1,0,C01,368
7595,0.471428571,MALE,DQ,0.5,WHITE,TUMOR FREE,Larynx,1,0,C32.9,324
7596,0.4,MALE,DQ,0.75,WHITE,TUMOR FREE,Tonsil,1,0,C09.9,340
7630,0.414285714,MALE,IQ,0.5,WHITE,TUMOR FREE,Oropharynx,1,0,C10.9,160
7631,0.571428571,FEMALE,IQ,0,WHITE,TUMOR FREE,Buccal Mucosa,1,0,C06.0,122
7632,0.685714286,FEMALE,IQ,0,WHITE,TUMOR FREE,Alveolar Ridge,1,0,C14.8,113
7753,0.6,MALE,HD,0.25,BLACK OR AFRICAN AMERICAN,WITH TUMOR,Oropharynx,1,0,C10.9,5
7754,0.7,MALE,HD,0,WHITE,WITH TUMOR,Tonsil,1,0,C10.9,25
7774,0.785714286,FEMALE,H7,0.25,WHITE,TUMOR FREE,Oral Cavity,1,0,C14.8,30
7831,0.771428571,MALE,HD,0.25,WHITE,WITH TUMOR,Oral Tongue,1,0,C02.9,0
7832,0.457142857,MALE,HD,0.25,WHITE,TUMOR FREE,Floor of mouth,1,0,C04.9,0
7848,0.385714286,MALE,F7,0.25,WHITE,TUMOR FREE,Larynx,1,0,C32.9,35
7861,0.514285714,MALE,BB,0.25,WHITE,TUMOR FREE,Base of tongue,1,0,C01,310
7862,0.685714286,MALE,BB,0.5,WHITE,TUMOR FREE,Larynx,1,0,C32.9,536
7863,0.328571429,FEMALE,BB,0.25,WHITE,TUMOR FREE,Oral Tongue,1,0,C02.9,423
7864,0.585714286,MALE,BB,0.25,WHITE,TUMOR FREE,Larynx,1,0,C32.9,687
7866,0.285714286,MALE,BB,1,WHITE,TUMOR FREE,Tonsil,1,0,C09.9,638
7870,0.542857143,MALE,BB,0.5,WHITE,TUMOR FREE,Larynx,1,0,C32.9,1153
7871,0.628571429,FEMALE,BB,0.25,WHITE,WITH TUMOR,Base of tongue,1,0,C01,428
7872,0.614285714,MALE,BB,0.5,ASIAN,TUMOR FREE,Oral Tongue,1,0,C06.9,436
7917,0.6,MALE,HD,0,WHITE,TUMOR FREE,Floor of mouth,1,0,C04.9,37
8224,0.614285714,MALE,HD,0.5,WHITE,WITH TUMOR,Base of tongue,1,0,C01,55
8298,0.542857143,MALE,F7,0,WHITE,TUMOR FREE,Larynx,1,0,C32.9,14
8314,0.542857143,MALE,HD,0.75,WHITE,TUMOR FREE,Base of tongue,1,0,C01,44
8489,0.4,MALE,F7,0,WHITE,TUMOR FREE,Floor of mouth,1,0,C04.9,14
8501,0.485714286,MALE,H7,1,WHITE,UNKNOWN,Buccal Mucosa,1,0,C06.0,58
8502,0.428571429,MALE,H7,0.25,WHITE,UNKNOWN,Oral Cavity,1,0,C06.2,133
8568,0.6,MALE,D6,0.25,WHITE,WITH TUMOR,Larynx,1,0,C32.9,106
8569,0.457142857,MALE,D6,0.25,WHITE,TUMOR FREE,Oral Tongue,1,0,C02.9,128
8596,0.7,FEMALE,BB,0.5,WHITE,TUMOR FREE,Hypopharynx,0.666666667,0,C13.9,2161
8601,0.914285714,MALE,BB,0.25,BLACK OR AFRICAN AMERICAN,WITH TUMOR,Floor of mouth,1,0,C04.9,624
8634,0.442857143,FEMALE,HD,0.25,WHITE,UNKNOWN,Oral Tongue,1,0,C02.9,24
8635,0.585714286,FEMALE,HD,0.25,WHITE,UNKNOWN,Oral Tongue,1,0,C02.9,25
A45O,0.528571429,MALE,CV,0.25,WHITE,TUMOR FREE,Alveolar Ridge,1,0,C03.9,851
A45P,0.9,FEMALE,CV,0.25,WHITE,WITH TUMOR,Oral Tongue,0.333333333,0,C02.9,639
A45Q,0.7,FEMALE,CV,0,WHITE,TUMOR FREE,Oral Cavity,1,1,C06.9,5152
A45R,0.371428571,MALE,CV,0,WHITE,TUMOR FREE,Oral Tongue,0,0,C02.9,5480
A45T,0.628571429,FEMALE,CV,0.5,WHITE,TUMOR FREE,Oral Tongue,0.333333333,1,C02.9,4856
A45U,0.557142857,MALE,CV,0,WHITE,WITH TUMOR,Oral Cavity,0.333333333,1,C06.9,1079
A45V,0.957142857,FEMALE,CV,0,WHITE,UNKNOWN,Oral Cavity,0.333333333,1,C06.9,32
A45W,0.8,MALE,CV,0.25,WHITE,TUMOR FREE,Larynx,0.333333333,1,C32.9,1398
A45X,0.385714286,MALE,CV,0.25,WHITE,TUMOR FREE,Floor of mouth,0.333333333,1,C04.9,198
A45Y,0.585714286,MALE,CV,0.5,AMERICAN INDIAN OR ALASKA NATIVE,TUMOR FREE,Larynx,0.333333333,1,C32.9,2703
A45Z,0.785714286,MALE,CV,0.5,WHITE,WITH TUMOR,Larynx,0.333333333,1,C32.9,1466
A460,0.742857143,MALE,CV,0.5,WHITE,UNKNOWN,Larynx,0.333333333,1,C32.9,1838
A461,0.642857143,MALE,CV,0.25,WHITE,TUMOR FREE,Larynx,0.666666667,1,C32.9,2064
A463,0.885714286,FEMALE,CV,0.25,WHITE,TUMOR FREE,Floor of mouth,0.666666667,1,C04.9,23
A464,0.4,MALE,CV,0.25,WHITE,TUMOR FREE,Buccal Mucosa,0.666666667,0,C06.0,1722
A465,0.057142857,MALE,CV,0,WHITE,TUMOR FREE,Oral Tongue,0.666666667,1,C02.9,215
A468,0.314285714,MALE,CV,0.25,WHITE,TUMOR FREE,Lip,0.333333333,1,C00.9,464
A47Z,0.742857143,FEMALE,C9,0,ASIAN,TUMOR FREE,Oral Tongue,1,0,C02.9,5
A480,0.357142857,FEMALE,C9,0,ASIAN,TUMOR FREE,Oral Tongue,1,0,C02.9,4
A497,0.614285714,MALE,CN,0.25,WHITE,TUMOR FREE,Larynx,1,0,C32.9,490
A498,0.585714286,FEMALE,CN,0,WHITE,WITH TUMOR,Base of tongue,1,0,C02.9,443
A499,0.571428571,FEMALE,CN,0.25,WHITE,TUMOR FREE,Tonsil,1,0,C09.9,388
A49A,0.571428571,MALE,CN,0.25,WHITE,WITH TUMOR,Alveolar Ridge,1,0,C05.9,391
A49B,0.728571429,MALE,CN,0.5,WHITE,TUMOR FREE,Larynx,1,0,C32.9,447
A49C,0.671428571,MALE,CN,1,WHITE,TUMOR FREE,Tonsil,1,0,C09.9,190
A4AQ,0.514285714,MALE,CX,0.5,WHITE,TUMOR FREE,Floor of mouth,0.666666667,0,C04.9,1555
A4C1,0.3,FEMALE,HD,0,BLACK OR AFRICAN AMERICAN,UNKNOWN,Buccal Mucosa,1,0,C06.0,11
A4C6,0.614285714,MALE,CQ,0.25,ASIAN,TUMOR FREE,Buccal Mucosa,1,0,C06.0,968
A4C7,0.971428571,MALE,CQ,0.5,WHITE,UNKNOWN,Floor of mouth,1,1,C04.9,353
A4C9,0.514285714,MALE,CQ,0.25,WHITE,TUMOR FREE,Floor of mouth,1,0,C04.0,613
A4CB,0.557142857,MALE,CQ,0.25,WHITE,TUMOR FREE,Floor of mouth,1,0,C04.9,545
A4CD,0.7,MALE,CQ,0.5,WHITE,TUMOR FREE,Oral Cavity,1,0,C41.1,548
A4CE,0.8,FEMALE,CQ,0.25,WHITE,TUMOR FREE,Oral Tongue,1,0,C02.9,393
A4CG,0.828571429,FEMALE,CQ,0.25,WHITE,WITH TUMOR,Buccal Mucosa,1,0,C06.0,391
A4CH,0.542857143,MALE,CQ,0.25,ASIAN,UNKNOWN,Oral Tongue,1,0,C02.1,303
A4CI,0.757142857,MALE,CQ,0.5,WHITE,WITH TUMOR,Buccal Mucosa,1,0,C06.0,608
A4IF,0.557142857,MALE,BA,0.25,WHITE,TUMOR FREE,Oropharynx,1,0,C10.3,523
A4IG,0.814285714,MALE,BA,0.5,WHITE,TUMOR FREE,Base of tongue,1,0,C10.9,519
A4IH,0.528571429,MALE,BA,0.5,WHITE,TUMOR FREE,Tonsil,1,0,C10.9,201
A4II,0.371428571,MALE,BA,0,WHITE,TUMOR FREE,Oropharynx,1,0,C10.9,603
A4Z9,0.557142857,MALE,D6,0.25,WHITE,TUMOR FREE,Oral Tongue,1,0,C02.9,112
A4ZB,0.585714286,MALE,D6,0.25,WHITE,TUMOR FREE,Oral Tongue,1,0,C02.9,104
A50G,0.657142857,MALE,F7,0,WHITE,TUMOR FREE,Oral Tongue,1,0,C02.9,15
A50I,0.742857143,MALE,F7,0.25,WHITE,TUMOR FREE,Larynx,1,0,C32.9,92
A50J,0.671428571,FEMALE,F7,0.25,WHITE,TUMOR FREE,Oral Tongue,1,0,C02.9,156
A51W,0.457142857,FEMALE,MT,0.25,WHITE,TUMOR FREE,Tonsil,1,0,C02.9,14
A51X,0.142857143,MALE,MT,0,WHITE,UNKNOWN,Oral Tongue,1,0,C02.9,34
A5BI,0.471428571,MALE,MZ,0.25,WHITE,UNKNOWN,Tonsil,0.666666667,1,C09.9,217
A5HU,0.385714286,MALE,BB,0.25,WHITE,TUMOR FREE,Oral Cavity,1,0,C06.9,383
A5HY,0.628571429,MALE,BB,0.5,WHITE,WITH TUMOR,Hypopharynx,1,0,C13.9,308
A5HZ,0.642857143,MALE,BB,0.25,WHITE,TUMOR FREE,Oral Cavity,1,0,C06.9,350
A5Q5,0.485714286,MALE,P3,0.5,WHITE,TUMOR FREE,Tonsil,0.666666667,0,C09.9,910
A5Q6,0.414285714,MALE,P3,0.5,WHITE,WITH TUMOR,Tonsil,0.666666667,1,C09.9,480
A5QA,0.3,MALE,P3,0.5,WHITE,TUMOR FREE,Oral Tongue,0.666666667,0,C02.9,1652
A5QE,0.414285714,MALE,P3,0.25,WHITE,TUMOR FREE,Base of tongue,0.666666667,0,C01,721
A5QF,0.414285714,MALE,P3,0.25,WHITE,WITH TUMOR,Alveolar Ridge,0.666666667,1,C03.0,330
A61E,0.5,FEMALE,IQ,0.25,WHITE,TUMOR FREE,Oral Tongue,1,0,C02.9,588
A61G,0.528571429,MALE,IQ,0.25,WHITE,WITH TUMOR,Floor of mouth,1,0,C04.9,360
A61H,0.8,MALE,IQ,0.25,WHITE,TUMOR FREE,Oral Tongue,1,0,C02.9,412
A61I,0.614285714,MALE,IQ,0.5,BLACK OR AFRICAN AMERICAN,TUMOR FREE,Oropharynx,1,1,C09.9,2
A61J,0.485714286,MALE,IQ,0,WHITE,TUMOR FREE,Oral Tongue,1,0,C02.9,440
A61O,0.328571429,MALE,IQ,1,WHITE,TUMOR FREE,Oropharynx,1,0,C01,360
A61S,0.6,MALE,F7,0,WHITE,TUMOR FREE,Oral Tongue,1,0,C02.9,3
A61V,0.485714286,MALE,F7,0,WHITE,TUMOR FREE,Base of tongue,1,0,C01,9
A61W,0.442857143,MALE,F7,0.25,ASIAN,TUMOR FREE,Oral Tongue,1,0,C02.9,14
A620,0.385714286,MALE,F7,0,WHITE,TUMOR FREE,Base of tongue,1,0,C01,13
A622,0.785714286,MALE,F7,0,WHITE,TUMOR FREE,Larynx,1,0,C32.9,13
A623,0.714285714,MALE,F7,0,WHITE,TUMOR FREE,Larynx,1,0,C32.9,6
A624,0.757142857,MALE,F7,0.5,WHITE,TUMOR FREE,Buccal Mucosa,1,0,C06.0,0
A633,0.771428571,MALE,HD,0.25,WHITE,TUMOR FREE,Oral Cavity,1,0,C06.9,49
A634,0.528571429,MALE,HD,0.5,WHITE,TUMOR FREE,Tonsil,1,0,C09.9,10
A63T,0.571428571,MALE,CN,0.5,WHITE,TUMOR FREE,Larynx,1,0,C32.9,225
A63U,0.428571429,MALE,CN,0.5,WHITE,TUMOR FREE,Larynx,1,0,C32.9,526
A63V,0.557142857,MALE,CN,0.25,WHITE,TUMOR FREE,Buccal Mucosa,1,0,C06.0,484
A63W,0.4,FEMALE,CN,0.25,WHITE,TUMOR FREE,Larynx,1,0,C32.9,348
A641,0.385714286,MALE,CN,0.25,WHITE,TUMOR FREE,Larynx,1,0,C32.9,367
A642,0.528571429,MALE,CN,0.5,WHITE,WITH TUMOR,Floor of mouth,1,1,C02.9,82
A64Z,0.842857143,FEMALE,QK,0,WHITE,TUMOR FREE,Hard Palate,1,0,C04.9,553
A652,0.571428571,MALE,QK,0.25,WHITE,TUMOR FREE,Oral Tongue,1,0,C02.9,259
A66S,0.7,FEMALE,KU,0.25,WHITE,TUMOR FREE,Larynx,1,0,C32.9,224
A66T,0.471428571,FEMALE,KU,0.25,WHITE,TUMOR FREE,Floor of mouth,1,0,C04.9,210
A67A,0.928571429,FEMALE,MT,0.25,WHITE,TUMOR FREE,Oral Tongue,1,0,C02.9,392
A67D,0.5,MALE,MT,0.25,WHITE,UNKNOWN,Floor of mouth,1,0,C04.0,56
A67F,0.571428571,FEMALE,MT,0.25,WHITE,TUMOR FREE,Oral Cavity,1,0,C06.9,111
A6C4,0.214285714,FEMALE,H7,0.25,WHITE,TUMOR FREE,Oral Tongue,1,0,C02.9,414
A6C5,0.642857143,MALE,H7,0.25,WHITE,TUMOR FREE,Larynx,1,0,C32.9,403
A6D8,0.557142857,MALE,BA,0.25,BLACK OR AFRICAN AMERICAN,TUMOR FREE,Floor of mouth,1,0,C04.9,513
A6DA,0.3,FEMALE,BA,0.25,WHITE,TUMOR FREE,Larynx,1,0,C32.1,351
A6DB,0.057142857,FEMALE,BA,0,WHITE,WITH TUMOR,Oral Tongue,1,0,C02.9,216
A6DD,0.342857143,MALE,BA,0.25,BLACK OR AFRICAN AMERICAN,WITH TUMOR,Floor of mouth,1,1,C04.9,173
A6DE,0.714285714,FEMALE,BA,0.25,WHITE,TUMOR FREE,Oral Tongue,1,0,C02.9,182
A6DG,0.414285714,MALE,BA,0.25,WHITE,WITH TUMOR,Oral Tongue,1,1,C02.9,69
A6DI,0.6,MALE,BA,0.25,BLACK OR AFRICAN AMERICAN,WITH TUMOR,Larynx,1,1,C32.9,336
A6DJ,0.6,MALE,BA,0.25,ASIAN,WITH TUMOR,Alveolar Ridge,1,0,C03.9,314
A6DL,0.557142857,MALE,BA,0.25,WHITE,TUMOR FREE,Oropharynx,1,0,C10.9,294
A6EK,0.671428571,MALE,D6,0,WHITE,WITH TUMOR,Larynx,1,0,C32.9,483
A6EM,0.642857143,FEMALE,D6,0.25,WHITE,WITH TUMOR,Oral Tongue,1,0,C06.9,232
A6EN,0.742857143,MALE,D6,0.5,WHITE,TUMOR FREE,Buccal Mucosa,1,0,C06.0,439
A6EO,0.342857143,MALE,D6,0.25,WHITE,TUMOR FREE,Floor of mouth,1,0,C04.9,429
A6EP,0.6,MALE,D6,0.5,WHITE,TUMOR FREE,Hypopharynx,1,0,C13.9,424
A6EQ,0.528571429,MALE,D6,0.5,WHITE,TUMOR FREE,Larynx,1,0,C32.9,368
A6ES,0.428571429,MALE,D6,0.25,WHITE,TUMOR FREE,Larynx,1,0,C32.9,24
A6H7,0.5,FEMALE,KU,0.25,WHITE,TUMOR FREE,Tonsil,1,0,C09.9,146
A6H8,0.3,MALE,KU,0.5,WHITE,WITH TUMOR,Oral Tongue,1,0,C02.9,168
A6HZ,0.842857143,FEMALE,HD,0.25,WHITE,TUMOR FREE,Oral Tongue,1,0,C02.9,111
A6I0,0.514285714,MALE,HD,0,WHITE,TUMOR FREE,Oral Cavity,1,0,C06.9,33
A6I9,0.685714286,MALE,MZ,0.25,WHITE,WITH TUMOR,Base of tongue,1,0,C10.9,254
A6IF,0.585714286,MALE,QK,1,WHITE,TUMOR FREE,Tonsil,1,0,C09.9,245
A6IG,0.7,MALE,QK,0.25,WHITE,WITH TUMOR,Buccal Mucosa,1,0,C06.0,218
A6IH,0.642857143,FEMALE,QK,0.25,WHITE,WITH TUMOR,Alveolar Ridge,1,0,C03.9,228
A6II,0.457142857,MALE,QK,0.25,WHITE,WITH TUMOR,Floor of mouth,1,0,C04.9,225
A6IJ,0.728571429,MALE,QK,0.5,WHITE,TUMOR FREE,Floor of mouth,1,0,C04.9,64
A6JD,0.885714286,FEMALE,CV,0.5,WHITE,TUMOR FREE,Floor of mouth,1,1,C04.9,182
A6JE,0.828571429,MALE,CV,0.25,WHITE,TUMOR FREE,Oral Cavity,1,0,C06.9,750
A6JM,0.928571429,MALE,CV,0.25,WHITE,TUMOR FREE,Hypopharynx,1,1,C32.9,194
A6JN,0.471428571,MALE,CV,0,WHITE,TUMOR FREE,Oral Cavity,1,0,C06.9,717
A6JO,0.7,MALE,CV,0.25,WHITE,WITH TUMOR,Oral Tongue,1,1,C02.9,197
A6JT,0.642857143,MALE,CV,0.25,WHITE,TUMOR FREE,Oral Tongue,1,0,C02.9,670
A6JU,0.585714286,FEMALE,CV,0.25,WHITE,TUMOR FREE,Oral Tongue,1,0,C02.9,110
A6JY,0.7,MALE,CV,0,WHITE,TUMOR FREE,Oral Cavity,1,0,C06.9,646
A6JZ,0.685714286,MALE,CV,0.25,WHITE,WITH TUMOR,Oral Cavity,1,0,C06.9,680
A6K0,0.542857143,MALE,CV,0.5,WHITE,TUMOR FREE,Oral Tongue,1,0,C02.9,606
A6K1,0.642857143,MALE,CV,0.25,WHITE,TUMOR FREE,Larynx,1,0,C32.9,527
A6K2,0.842857143,MALE,CV,0,WHITE,WITH TUMOR,Oral Cavity,1,1,C06.9,317
A6SG,0.585714286,FEMALE,IQ,0.25,WHITE,TUMOR FREE,Oral Tongue,1,0,C02.9,579
A6SH,0.5,MALE,IQ,0,BLACK OR AFRICAN AMERICAN,TUMOR FREE,Oral Tongue,1,0,C02.9,471
A6SW,0.428571429,MALE,P3,0.5,WHITE,TUMOR FREE,Tonsil,0.666666667,0,C09.9,1120
A6SX,0.671428571,MALE,P3,0.25,WHITE,TUMOR FREE,Tonsil,0.666666667,1,C09.9,1430
A6T0,0.385714286,FEMALE,P3,0.25,WHITE,TUMOR FREE,Floor of mouth,0.666666667,0,C04.9,578
A6T2,0.357142857,MALE,P3,0.25,WHITE,TUMOR FREE,Buccal Mucosa,0.666666667,0,C06.0,1917
A6T3,0.414285714,MALE,P3,0.25,WHITE,WITH TUMOR,Oral Cavity,0.666666667,1,C06.9,577
A6T4,0.485714286,MALE,P3,0.25,WHITE,WITH TUMOR,Floor of mouth,0.666666667,1,C04.9,62
A6T5,0.842857143,FEMALE,P3,0.25,WHITE,WITH TUMOR,Alveolar Ridge,0.666666667,1,C03.1,882
A6T6,0.471428571,MALE,P3,0.5,WHITE,WITH TUMOR,Alveolar Ridge,0.666666667,1,C03.1,395
A6T7,0.5,MALE,P3,0.25,WHITE,UNKNOWN,Floor of mouth,0.666666667,1,C04.9,487
A6T8,0.485714286,MALE,P3,0.5,WHITE,TUMOR FREE,Floor of mouth,1,0,C04.9,400
A6TO,0.885714286,FEMALE,RS,0.25,WHITE,TUMOR FREE,Oral Cavity,1,0,C06.9,272
A6TP,0.542857143,MALE,RS,0.5,WHITE,TUMOR FREE,Tonsil,1,0,C09.9,236
A6UM,0.457142857,MALE,BB,1,WHITE,TUMOR FREE,Tonsil,1,0,C09.9,393
A6UO,0.585714286,FEMALE,BB,0.25,WHITE,WITH TUMOR,Oral Tongue,1,1,C02.9,268
A6UY,0.528571429,MALE,CN,0.25,WHITE,TUMOR FREE,Base of tongue,1,0,C01,307
A6V1,0.557142857,MALE,CN,1,WHITE,TUMOR FREE,Tonsil,1,0,C09.9,223
A6V3,0.585714286,MALE,CN,0.5,WHITE,TUMOR FREE,Larynx,1,0,C32.9,298
A6V6,0.557142857,MALE,CN,1,WHITE,TUMOR FREE,Base of tongue,1,0,C01,234
A6V7,0.285714286,MALE,CN,1,WHITE,TUMOR FREE,Tonsil,1,0,C09.9,188
A6V9,0.514285714,MALE,QK,0.25,WHITE,TUMOR FREE,Tonsil,1,0,C10.9,567
A6VB,0.657142857,MALE,QK,0.25,WHITE,TUMOR FREE,Floor of mouth,1,0,C04.9,156
A6VC,0.6,FEMALE,QK,0.25,BLACK OR AFRICAN AMERICAN,TUMOR FREE,Hypopharynx,1,0,C13.9,106
A6WW,0.542857143,MALE,UP,0.25,WHITE,TUMOR FREE,Oral Tongue,1,0,C02.9,457
A6WX,0.757142857,FEMALE,T2,0,WHITE,WITH TUMOR,Oral Tongue,1,1,C04.9,209
A6WZ,0.471428571,MALE,T2,0.25,WHITE,WITH TUMOR,Oral Tongue,1,1,C01,484
A6X0,0.414285714,MALE,T2,0.25,WHITE,TUMOR FREE,Tonsil,1,0,C09.9,216
A6X2,0.885714286,MALE,T2,0,WHITE,TUMOR FREE,Alveolar Ridge,1,0,C03.9,987
A718,0.6,MALE,UF,0.25,WHITE,TUMOR FREE,Larynx,1,0,C32.9,1326
A719,0.485714286,MALE,UF,0,WHITE,TUMOR FREE,Floor of mouth,1,0,C04.9,1337
A71A,0.671428571,MALE,UF,0,WHITE,WITH TUMOR,Floor of mouth,1,1,C04.9,86
A71B,0.428571429,MALE,UF,0.25,WHITE,TUMOR FREE,Alveolar Ridge,1,0,C03.9,1158
A71D,0.485714286,FEMALE,UF,0.25,WHITE,TUMOR FREE,Larynx,1,0,C32.9,986
A71E,0.614285714,MALE,UF,0.5,WHITE,TUMOR FREE,Floor of mouth,1,0,C04.9,1090
A74Q,0.671428571,MALE,D6,0.5,WHITE,TUMOR FREE,Larynx,1,0,C32.9,338
A76A,0.528571429,MALE,H7,0.25,WHITE,TUMOR FREE,Tonsil,1,0,C09.9,206
A7BN,0.771428571,MALE,MT,0.5,WHITE,WITH TUMOR,Floor of mouth,1,0,C04.9,51
A7D7,0.442857143,MALE,MZ,0.25,WHITE,TUMOR FREE,Base of tongue,1,0,C01,240
A7GZ,0.542857143,MALE,WA,0.25,WHITE,TUMOR FREE,Floor of mouth,1,0,C04.9,335
A7H4,0.7,MALE,WA,0.5,WHITE,TUMOR FREE,Oral Tongue,1,0,C02.9,153
A7HI,0.514285714,MALE,TN,0.5,WHITE,TUMOR FREE,Tonsil,1,0,C09.9,146
A7HJ,0.442857143,MALE,TN,0.25,WHITE,TUMOR FREE,Larynx,1,0,C32.9,184
A7HL,0.557142857,MALE,TN,0.25,WHITE,TUMOR FREE,Hypopharynx,1,0,C13.9,153
A7J9,0.785714286,MALE,UF,0.25,WHITE,TUMOR FREE,Larynx,1,0,C32.9,1043
A7JA,0.657142857,FEMALE,UF,0.25,WHITE,TUMOR FREE,Buccal Mucosa,1,0,C06.0,1894
A7JC,0.314285714,MALE,UF,0,WHITE,WITH TUMOR,Floor of mouth,1,0,C04.9,484
A7JD,0.728571429,MALE,UF,0.5,WHITE,TUMOR FREE,Buccal Mucosa,1,0,C06.0,653
A7JF,0.857142857,MALE,UF,0.25,WHITE,TUMOR FREE,Larynx,1,0,C32.9,1266
A7JH,0.557142857,MALE,UF,0,BLACK OR AFRICAN AMERICAN,TUMOR FREE,Larynx,1,0,C32.9,469
A7JJ,0.7,MALE,UF,0,WHITE,TUMOR FREE,Larynx,1,0,C32.9,214
A7JK,0.557142857,MALE,UF,0.25,WHITE,WITH TUMOR,Larynx,1,1,C32.9,424
A7JO,0.842857143,FEMALE,UF,0.25,WHITE,WITH TUMOR,Floor of mouth,0.666666667,1,C04.9,631
A7JS,0.557142857,MALE,UF,0.25,WHITE,TUMOR FREE,Oral Tongue,1,0,C02.9,413
A7JT,0.742857143,FEMALE,UF,0.5,WHITE,WITH TUMOR,Floor of mouth,0.666666667,1,C04.9,993
A7JV,0.6,FEMALE,UF,0.25,WHITE,WITH TUMOR,Hypopharynx,1,1,C13.9,90
A8YP,0.428571429,MALE,BA,0.25,BLACK OR AFRICAN AMERICAN,TUMOR FREE,Oropharynx,1,0,C10.9,142
A8Z7,0.557142857,MALE,QK,0.25,BLACK OR AFRICAN AMERICAN,UNKNOWN,Floor of mouth,1,0,C04.9,23
A8Z8,0.571428571,FEMALE,QK,0.25,BLACK OR AFRICAN AMERICAN,WITH TUMOR,Larynx,1,1,C32.9,171
A8Z9,0.514285714,MALE,QK,0.25,BLACK OR AFRICAN AMERICAN,TUMOR FREE,Floor of mouth,1,0,C04.9,149
A8ZA,0.571428571,MALE,QK,0.25,BLACK OR AFRICAN AMERICAN,UNKNOWN,Oropharynx,1,0,C10.9,135
A8ZB,0.7,MALE,QK,0.25,BLACK OR AFRICAN AMERICAN,TUMOR FREE,Larynx,1,0,C32.9,135
A92M,0.457142857,MALE,T3,0.25,BLACK OR AFRICAN AMERICAN,UNKNOWN,Larynx,1,0,C32.9,0
A92N,0.842857143,MALE,T3,0.5,BLACK OR AFRICAN AMERICAN,WITH TUMOR,Floor of mouth,1,0,C04.9,0
AA3J,0.7,MALE,QK,0.5,BLACK OR AFRICAN AMERICAN,TUMOR FREE,Larynx,1,0,C32.9,157
AA3K,0.571428571,MALE,QK,0.25,BLACK OR AFRICAN AMERICAN,UNKNOWN,Oral Tongue,1,0,C02.9,168
AA8J,0.657142857,MALE,4P,0.25,BLACK OR AFRICAN AMERICAN,TUMOR FREE,Oral Tongue,1,0,C02.9,102