patient_id,age,gender,height,weight,race_list,person_neoplasm_cancer_status,history_hepato_carcinoma_risk_factors,neoplasm_histologic_grade,stage_event,vital_status,real_survival_time
A123,25,FEMALE,158.57,49.03,ASIAN,TUMOR FREE,UNKOWN,G1,6th,0,0
A12J,63,MALE,173,95.63,BLACK OR AFRICAN AMERICAN,TUMOR FREE,Hepatitis CSarcoidosis,G1,7th,0,129
A1EA,68,MALE,168,94,ASIAN,WITH TUMOR,Hepatitis Bsmoking,G2,5th,0,2415
A1EB,73,FEMALE,164,57,WHITE,UNKOWN,Othersmoking,G2,5th,0,2017
A1EC,20,FEMALE,157,50,WHITE,UNKOWN,UNKOWN,G3,6th,0,602
A1ED,69,MALE,168,85,WHITE,TUMOR FREE,Alcohol consumptiontattoos,G1,6th,0,1629
A1EE,74,MALE,175,77,WHITE,WITH TUMOR,Hepatitis C,G3,6th,0,204
A1EF,58,FEMALE,164,81,WHITE,WITH TUMOR,No History of Primary Risk Factors,G3,6th,1,394
A1EG,77,MALE,168,82,WHITE,WITH TUMOR,Alcohol consumptionNon-Alcoholic Fatty Liver Disease,G3,7th,1,1372
A1EH,23,MALE,179,70,WHITE,WITH TUMOR,Hepatitis B,G3,6th,0,1036
A1EI,47,MALE,175,69,ASIAN,TUMOR FREE,Hepatitis Bcirrhosis,G2,6th,0,183
A1EJ,71,FEMALE,154,64,WHITE,WITH TUMOR,No History of Primary Risk Factors,G2,6th,0,887
A1EK,64,FEMALE,159,97,WHITE,WITH TUMOR,"Othertobacco, birth control bills",G2,6th,1,558
A1EL,23,MALE,182,54,BLACK OR AFRICAN AMERICAN,WITH TUMOR,Hepatitis B,G3,6th,1,415
A1HT,51,MALE,163,54,ASIAN,TUMOR FREE,No History of Primary Risk Factors,G3,6th,0,0
A216,63,FEMALE,164,151,WHITE,TUMOR FREE,No History of Primary Risk Factors,G2,6th,0,1144
A217,75,FEMALE,163,81,WHITE,TUMOR FREE,Alcohol consumption,G3,7th,0,421
A23B,71,FEMALE,159.2108333,61.91066667,WHITE,TUMOR FREE,Hepatitis C,UNKOWN,6th,0,987
A25S,65,MALE,166,73,WHITE,WITH TUMOR,Alcohol consumption,G2,6th,0,37
A25T,45,FEMALE,167,64,WHITE,TUMOR FREE,Hepatitis C,G2,6th,0,1175
A25U,64,FEMALE,153,47,ASIAN,TUMOR FREE,Hepatitis B,G3,6th,0,1231
A25V,69,MALE,187,90,WHITE,TUMOR FREE,Alcohol consumption,G2,7th,0,69
A25X,74,MALE,165,65,ASIAN,TUMOR FREE,Hepatitis B,G3,6th,0,1359
A25Y,52,FEMALE,158,57,ASIAN,WITH TUMOR,Hepatitis B,G3,6th,1,452
A25Z,59,MALE,173,69,ASIAN,TUMOR FREE,Hepatitis B,G2,7th,0,269
A26S,70,MALE,168,41,WHITE,TUMOR FREE,Alcohol consumption,G2,7th,0,111
A2HS,80,MALE,180,97,WHITE,TUMOR FREE,No History of Primary Risk FactorsNo,G2,6th,1,688
A2HT,55,MALE,174,80,BLACK OR AFRICAN AMERICAN,TUMOR FREE,Hepatitis Cno,G2,6th,1,438
A2KA,53,FEMALE,178,82.1,WHITE,UNKOWN,No History of Primary Risk Factors,G3,7th,0,111
A2KB,46,FEMALE,165,81,WHITE,TUMOR FREE,"Hepatitis CCirrhosis, Alcohol abuse",G2,7th,0,60
A2KC,62,MALE,171,79.80133333,BLACK OR AFRICAN AMERICAN,TUMOR FREE,"Hepatitis CLiver Cirrhosis, Moderate alcohol use on weekends",G3,7th,1,19
A2L6,70,MALE,168,110,WHITE,WITH TUMOR,Alcohol consumption,G2,7th,0,289
A2QQ,80,MALE,176.3714286,78.75,WHITE,TUMOR FREE,Alcohol consumption,G2,7th,0,0
A39V,77,MALE,174,79,WHITE,WITH TUMOR,No History of Primary Risk Factors,G3,5th,1,643
A39W,29,FEMALE,177,74,WHITE,UNKOWN,No History of Primary Risk Factors,G2,4th,1,827
A39X,78,FEMALE,152,48,WHITE,WITH TUMOR,No History of Primary Risk Factors,G2,5th,1,1694
A39Y,68,MALE,176,85,ASIAN,TUMOR FREE,No History of Primary Risk Factors,G3,5th,1,171
A39Z,44,FEMALE,165,61,WHITE,TUMOR FREE,Alcohol consumptionextensive tobacco history,G2,4th,1,601
A3A1,66,MALE,185,78,WHITE,TUMOR FREE,No History of Primary Risk Factors,G2,5th,1,233
A3A2,77,FEMALE,178,85,WHITE,TUMOR FREE,No History of Primary Risk Factors,G1,5th,1,2131
A3A3,46,MALE,167,71,ASIAN,UNKOWN,No History of Primary Risk Factors,G2,5th,1,535
A3A4,38,MALE,189,65,WHITE,WITH TUMOR,OtherTobacco use,G3,5th,1,612
A3A5,67,FEMALE,170,58,WHITE,WITH TUMOR,No History of Primary Risk Factors,G2,4th,1,3125
A3A6,72,FEMALE,175,52,WHITE,TUMOR FREE,No History of Primary Risk Factors,G2,4th,1,3258
A3A7,67,MALE,188,80,WHITE,WITH TUMOR,Alcohol consumptionOthertobacco,G3,7th,1,419
A3A8,75,MALE,177,99,WHITE,TUMOR FREE,No History of Primary Risk Factors,G2,5th,1,11
A3A9,64,FEMALE,168,62,WHITE,WITH TUMOR,Othersmoker,G2,5th,1,931
A3CG,81,MALE,168,93,WHITE,TUMOR FREE,Hepatitis C,G2,7th,0,254
A3CH,53,MALE,178,74,ASIAN,TUMOR FREE,Hepatitis B,G2,7th,0,193
A3CI,72,MALE,167,98,WHITE,TUMOR FREE,Non-Alcoholic Fatty Liver Disease,G2,7th,0,180
A3CJ,53,MALE,174,72,AMERICAN INDIAN OR ALASKA NATIVE,TUMOR FREE,Hepatitis C,G2,7th,0,136
A3CK,62,MALE,170,67,ASIAN,TUMOR FREE,Hepatitis B,G2,7th,0,27
A3EP,76,FEMALE,168,71,BLACK OR AFRICAN AMERICAN,TUMOR FREE,No History of Primary Risk Factors,G2,7th,0,409
A3ER,62,MALE,188,111,WHITE,TUMOR FREE,HemochromatosisAlcohol Consumption,G2,7th,0,146
A3I0,77,FEMALE,170.7778889,82.43,WHITE,TUMOR FREE,No History of Primary Risk Factors,G2,7th,0,6
A3JL,76,MALE,168,73,WHITE,TUMOR FREE,Alcohol consumption,G2,7th,0,97
A3KF,67,FEMALE,173,58,WHITE,TUMOR FREE,No History of Primary Risk Factors,G2,7th,0,8
A3KG,69,FEMALE,159,64,WHITE,WITH TUMOR,Alcohol consumption,G3,7th,0,252
A3M9,45,MALE,174,61,ASIAN,TUMOR FREE,Alcohol consumption,G3,7th,0,3
A3MA,61,MALE,168,66,ASIAN,TUMOR FREE,Alcohol consumption,G2,7th,0,2
A3MB,36,MALE,176,58,ASIAN,TUMOR FREE,No History of Primary Risk Factors,G1,7th,0,3
A3MC,55,MALE,163,52,ASIAN,TUMOR FREE,Alcohol consumption,G2,7th,0,4
A3OU,59,MALE,167,172,WHITE,TUMOR FREE,Alcohol consumptionNon-Alcoholic Fatty Liver DiseaseOtherhepatic cirrhosis,G2,7th,0,697
A3R2,75,MALE,176.113881,75,WHITE,TUMOR FREE,No History of Primary Risk Factors,UNKOWN,6th,1,194
A3R3,39,FEMALE,161,97,WHITE,TUMOR FREE,No History of Primary Risk Factors,G2,7th,0,4
A3RK,74,MALE,178,101,WHITE,TUMOR FREE,Alcohol consumption,G2,7th,0,13
A459,48,MALE,167,51,ASIAN,TUMOR FREE,UNKOWN,G2,7th,0,7
A495,51,FEMALE,172,70,WHITE,TUMOR FREE,Hepatitis C,G2,7th,0,1
A496,85,FEMALE,162,54,WHITE,TUMOR FREE,No History of Primary Risk Factors,G2,7th,0,10
A4NA,67,FEMALE,166,93,WHITE,TUMOR FREE,No History of Primary Risk Factors,G3,6th,0,1008
A4NB,26,MALE,185,69,WHITE,TUMOR FREE,No History of Primary Risk Factors,G2,7th,0,391
A4ND,57,FEMALE,162,89,WHITE,WITH TUMOR,No History of Primary Risk Factors,G3,6th,0,2141
A4NE,75,FEMALE,170,79,WHITE,WITH TUMOR,No History of Primary Risk Factors,G3,7th,1,660
A4NF,72,MALE,173,86,WHITE,TUMOR FREE,Hepatitis C,G2,7th,0,428
A4NG,77,MALE,164,94,WHITE,WITH TUMOR,Alcohol consumption,G2,7th,0,445
A4NH,65,FEMALE,157,81,WHITE,WITH TUMOR,Alcohol consumption,G3,7th,0,433
A4NI,67,MALE,172,99,WHITE,TUMOR FREE,Alcohol consumptionNon-Alcoholic Fatty Liver Diseasetobacco,G2,7th,0,328
A4NJ,55,FEMALE,164,88,WHITE,TUMOR FREE,Non-Alcoholic Fatty Liver Disease,G2,7th,0,458
A4NK,80,FEMALE,156.964,84,WHITE,WITH TUMOR,No History of Primary Risk Factors,G2,6th,1,1210
A4NL,46,MALE,173,113,WHITE,TUMOR FREE,Alcohol consumptionOtherTobacco use,G1,6th,0,1711
A4NN,56,FEMALE,163,59,WHITE,WITH TUMOR,No History of Primary Risk Factors,G3,6th,1,899
A4NO,66,MALE,176,109,WHITE,WITH TUMOR,Hepatitis COtherTobacco use,G1,6th,0,1869
A4NP,32,MALE,177,79,WHITE,WITH TUMOR,No History of Primary Risk Factors,G3,6th,0,2849
A4NQ,61,MALE,159,75,WHITE,WITH TUMOR,Hepatitis BOthertobacco,G3,6th,1,373
A4NR,86,FEMALE,64,54,WHITE,UNKOWN,Otherprimary biliary cirrhosis,G3,6th,1,9
A4NS,62,FEMALE,167,58,WHITE,WITH TUMOR,Alcohol consumption,G2,6th,1,2456
A4NV,61,MALE,179,129,WHITE,TUMOR FREE,"Non-Alcoholic Fatty Liver DiseaseOthermorbid obesity, tobacco use",G1,6th,0,2018
A4U2,71,MALE,171,82,WHITE,WITH TUMOR,Alcohol consumption,G1,6th,1,1791
A4XI,59,MALE,170,55,ASIAN,TUMOR FREE,No History of Primary Risk Factors,G3,7th,0,6
A4ZP,79,MALE,168,69,WHITE,TUMOR FREE,Alcohol consumption,G2,6th,0,1836
A4ZQ,52,MALE,176.7283333,89.57,WHITE,TUMOR FREE,Hepatitis C,G2,7th,0,12
A520,59,MALE,179,104,WHITE,TUMOR FREE,"OtherModerate alcohol consumption, anti TB drug used for TB positive testing",G1,7th,0,19
A5DF,59,FEMALE,167,72,WHITE,WITH TUMOR,No History of Primary Risk Factors,G2,6th,1,639
A5KG,61,FEMALE,160,61,ASIAN,TUMOR FREE,No History of Primary Risk Factors,G2,7th,0,6
A5MZ,62,MALE,185,82,WHITE,TUMOR FREE,No History of Primary Risk Factors,G2,6th,1,91
A5N0,88,FEMALE,156,65,WHITE,WITH TUMOR,No History of Primary Risk Factors,UNKOWN,6th,1,752
A5NO,51,MALE,175.3885808,75.49,BLACK OR AFRICAN AMERICAN,TUMOR FREE,Hepatitis C,G2,7th,0,20
A5NP,27,FEMALE,171.83,69.41,WHITE,WITH TUMOR,Hepatitis B,G3,7th,0,0
A5NQ,64,MALE,175.4873095,85.1725,WHITE,TUMOR FREE,Alcohol consumptionOthercirrhosis,G3,7th,0,0
A5RF,65,MALE,177,75,WHITE,WITH TUMOR,Hepatitis C,G1,7th,0,240
A5RG,66,MALE,173,123,BLACK OR AFRICAN AMERICAN,TUMOR FREE,Alcohol consumptionHepatitis C,G1,7th,0,120
A5SI,44,MALE,177,74,ASIAN,WITH TUMOR,Hepatitis C,G2,7th,0,447
A5SJ,60,MALE,171,87,WHITE,WITH TUMOR,Alcohol consumptionHepatitis C,G2,7th,0,364
A5SK,58,MALE,169,67,WHITE,TUMOR FREE,Hepatitis C,G1,7th,0,302
A5SL,70,MALE,180,88,WHITE,TUMOR FREE,Alcohol consumption,G2,7th,0,243
A5SM,58,MALE,184,106,WHITE,TUMOR FREE,Alcohol consumptionHepatitis C,G3,7th,0,133
A5UC,63,MALE,165,57,ASIAN,TUMOR FREE,Alcohol consumption,G3,6th,0,0
A5UD,46,MALE,170,62,ASIAN,TUMOR FREE,Alcohol consumption,G2,6th,0,0
A5UE,49,MALE,175,65,ASIAN,TUMOR FREE,Alcohol consumption,G2,6th,0,0
A5W4,70,MALE,183,106,WHITE,TUMOR FREE,Alcohol consumption,G3,7th,0,289
A627,75,MALE,176,74,WHITE,TUMOR FREE,Alcohol consumption,G2,7th,0,0
A66X,35,MALE,170,61,ASIAN,TUMOR FREE,Alcohol consumption,G3,7th,0,6
A66Y,51,FEMALE,160,59,ASIAN,TUMOR FREE,No History of Primary Risk Factors,G3,7th,0,7
A69H,64,MALE,173,70,WHITE,TUMOR FREE,Alcohol consumption,G3,7th,0,120
A69I,70,MALE,180,95,WHITE,TUMOR FREE,No History of Primary Risk Factors,G1,7th,0,16
A6C0,76,FEMALE,160,90,WHITE,UNKOWN,No History of Primary Risk Factors,G2,7th,1,31
A6G5,66,MALE,184,80,WHITE,TUMOR FREE,Alcohol consumptionHepatitis BHepatitis CHemochromatosis,G2,7th,0,122
A6GG,79,FEMALE,158,65,WHITE,TUMOR FREE,OtherCryptogenic Cirrhosis,G2,7th,0,15
A6J8,68,MALE,188,65,WHITE,TUMOR FREE,Alcohol consumption,G2,7th,0,23
A6M3,24,MALE,175,65.23,AMERICAN INDIAN OR ALASKA NATIVE,UNKOWN,UNKOWN,G3,6th,0,0
A6M4,75,FEMALE,163.2388889,87,WHITE,UNKOWN,No History of Primary Risk Factors,G2,7th,0,22
A6M5,21,FEMALE,159.05,56.09,WHITE,UNKOWN,No History of Primary Risk Factors,G2,7th,0,15
A6M6,76,MALE,171.2204444,83.85,WHITE,UNKOWN,Alcohol consumption,G3,7th,0,9
A6UC,65,MALE,182,91,WHITE,WITH TUMOR,Alcohol consumption,G2,7th,0,236
A73A,72,MALE,174,102,WHITE,TUMOR FREE,Alcohol consumption,G2,7th,0,334
A73B,72,FEMALE,154,74,WHITE,WITH TUMOR,Alpha-1 Antitrypsin DeficiencyOtherGilbert's syndrome.,G2,7th,1,283
A73C,65,FEMALE,159,49,WHITE,TUMOR FREE,No History of Primary Risk Factors,G1,7th,0,230
A73D,68,FEMALE,170,102,WHITE,TUMOR FREE,Hepatitis C,G1,7th,0,334
A73E,67,MALE,172,108,WHITE,TUMOR FREE,Alcohol consumptionNon-Alcoholic Fatty Liver Disease,G1,7th,0,44
A73F,77,FEMALE,164,69,WHITE,TUMOR FREE,No History of Primary Risk Factors,G1,7th,0,843
A73G,74,FEMALE,155,44,WHITE,TUMOR FREE,No History of Primary Risk Factors,G3,6th,0,3071
A75C,64,MALE,175,84,WHITE,TUMOR FREE,Hepatitis C,G3,7th,0,291
A75E,62,MALE,175,103,WHITE,TUMOR FREE,Alcohol consumptionHepatitis C,G2,7th,0,155
A75G,64,MALE,178,69,WHITE,TUMOR FREE,Alcohol consumptionHepatitis C,G2,7th,0,433
A75H,78,MALE,173,84,WHITE,TUMOR FREE,Hepatitis C,UNKOWN,7th,0,391
A75I,61,MALE,188,100,BLACK OR AFRICAN AMERICAN,UNKOWN,Hepatitis C,G1,7th,0,265
A75V,54,MALE,180,92,WHITE,TUMOR FREE,Alcohol consumptionHepatitis BHepatitis C,G2,7th,0,135
A7B7,48,MALE,180,108,BLACK OR AFRICAN AMERICAN,TUMOR FREE,Hepatitis B,G2,7th,0,62
A7D4,69,MALE,172,87,BLACK OR AFRICAN AMERICAN,TUMOR FREE,Hepatitis C,G2,7th,0,734
A7IE,57,MALE,172,62,ASIAN,TUMOR FREE,Alcohol consumption,G2,6th,0,0
A7IF,60,MALE,169,58,ASIAN,TUMOR FREE,Alcohol consumption,G1,6th,0,0
A7IG,48,MALE,174,62,ASIAN,TUMOR FREE,Alcohol consumption,G2,6th,0,0
A7IH,59,MALE,175,56,ASIAN,TUMOR FREE,Alcohol consumption,G1,6th,0,0
A7II,55,MALE,168,52,ASIAN,TUMOR FREE,Alcohol consumption,G3,6th,0,0
A7IJ,57,MALE,165,54,ASIAN,TUMOR FREE,Alcohol consumption,G3,6th,0,0
A7IK,59,MALE,168,57,ASIAN,TUMOR FREE,Alcohol consumption,G3,6th,0,0
A7IL,61,MALE,174,63,ASIAN,TUMOR FREE,Alcohol consumption,G1,6th,0,0
A7K0,66,MALE,174,66,WHITE,TUMOR FREE,Alcohol consumptionHepatitis C,G1,7th,1,65
A7K2,65,MALE,166,79,WHITE,TUMOR FREE,Hepatitis C,G1,7th,0,360
A7K7,62,FEMALE,168,125,WHITE,WITH TUMOR,No History of Primary Risk Factors,G1,7th,0,407
A7K8,57,MALE,170,109,WHITE,TUMOR FREE,No History of Primary Risk Factors,G1,7th,0,741
A7M5,77,MALE,164,68,ASIAN,TUMOR FREE,Alcohol consumption,G2,7th,0,0
A7M6,61,FEMALE,158,77,WHITE,WITH TUMOR,Hepatitis C,G3,7th,0,366
A7M7,66,MALE,181,77,WHITE,TUMOR FREE,Alcohol consumption,G1,7th,0,182
A7M8,32,MALE,171.3141667,67.785,ASIAN,TUMOR FREE,Alcohol consumption,G1,7th,0,0
A7M9,70,MALE,170,73,WHITE,UNKOWN,Hemochromatosis,G2,7th,1,56
A7MA,63,FEMALE,165,85,WHITE,WITH TUMOR,No History of Primary Risk Factors,G2,7th,0,455
A7MB,25,MALE,180,62,WHITE,WITH TUMOR,No History of Primary Risk Factors,G3,7th,0,526
A7MC,60,MALE,176,78,WHITE,UNKOWN,Alcohol consumptionHepatitis B,G3,7th,0,438
A7MD,68,MALE,175,57,BLACK OR AFRICAN AMERICAN,TUMOR FREE,Alcohol consumptionHepatitis C,G3,7th,1,52
A7ME,52,MALE,165,75,ASIAN,TUMOR FREE,Hepatitis B,G2,7th,0,486
A7MF,57,MALE,195,95,WHITE,WITH TUMOR,Hepatitis BHepatitis C,G2,7th,1,214
A7PX,48,FEMALE,161,43,ASIAN,TUMOR FREE,No History of Primary Risk Factors,G3,7th,0,6
A7PY,21,FEMALE,156,40,ASIAN,TUMOR FREE,No History of Primary Risk Factors,G3,7th,0,6
A7PZ,62,MALE,159,50,ASIAN,TUMOR FREE,No History of Primary Risk Factors,G2,7th,0,6
A7S9,48,FEMALE,161,58,ASIAN,TUMOR FREE,Hepatitis B,G3,7th,0,640
A7SB,54,MALE,166,61,ASIAN,TUMOR FREE,Hepatitis B,G2,7th,0,588
A7SF,67,MALE,170,76,ASIAN,WITH TUMOR,Hepatitis C,G2,7th,0,579
A7SH,43,MALE,174,68,ASIAN,WITH TUMOR,Hepatitis B,G3,7th,0,468
A7SK,60,MALE,169,60,ASIAN,TUMOR FREE,Hepatitis C,G3,7th,0,472
A7XO,30,MALE,175,64,ASIAN,TUMOR FREE,No History of Primary Risk Factors,G2,7th,0,6
A7XP,53,FEMALE,157,54,ASIAN,TUMOR FREE,No History of Primary Risk Factors,G3,7th,0,6
A82E,61,FEMALE,150,44,ASIAN,TUMOR FREE,No History of Primary Risk Factors,G2,7th,0,6
A86L,69,FEMALE,159,56,WHITE,UNKOWN,No History of Primary Risk Factors,G2,7th,0,31
A8HS,18,MALE,172,62,ASIAN,TUMOR FREE,No History of Primary Risk Factors,G1,6th,0,0
A8HT,75,MALE,159,48,ASIAN,TUMOR FREE,Alcohol consumption,G2,6th,0,0
A8HU,39,FEMALE,163,42,ASIAN,TUMOR FREE,No History of Primary Risk Factors,G3,6th,0,0
A8HV,52,FEMALE,159,51,ASIAN,TUMOR FREE,No History of Primary Risk Factors,G2,6th,0,0
A8JO,35,MALE,196,90,WHITE,TUMOR FREE,Alcohol consumption,G3,7th,0,52
A8LF,74,MALE,171,104,WHITE,TUMOR FREE,Alcohol consumption,G3,7th,0,498
A8O5,59,FEMALE,165,63,ASIAN,TUMOR FREE,No History of Primary Risk Factors,G3,7th,0,6
A8O6,51,FEMALE,165,45,ASIAN,TUMOR FREE,No History of Primary Risk Factors,G3,7th,0,6
A8S7,69,MALE,164,73,WHITE,WITH TUMOR,Hepatitis C,G3,7th,1,412
A8TC,43,FEMALE,155,52,WHITE,WITH TUMOR,Hepatitis B,G2,7th,0,1339
A8TD,49,FEMALE,156,69,WHITE,TUMOR FREE,No History of Primary Risk Factors,G3,7th,0,1030
A8TE,16,MALE,157,43,WHITE,WITH TUMOR,No History of Primary Risk Factors,G1,7th,0,925
A8TF,74,MALE,166,57,WHITE,TUMOR FREE,Hepatitis B,G1,7th,1,693
A8TG,59,MALE,184,71,WHITE,TUMOR FREE,Hepatitis C,G2,7th,0,867
A8YO,66,FEMALE,170,74,WHITE,WITH TUMOR,"Alcohol consumptionOtherChronic hepatitis, either viral or autoimmune",G3,7th,0,227
A97K,55,MALE,170,64,ASIAN,TUMOR FREE,Alcohol consumption,G2,7th,0,6
A9CD,74,MALE,173.8308452,86.32,WHITE,UNKOWN,UNKOWN,G2,7th,1,1386
A9CE,80,FEMALE,156.964,60.91,WHITE,UNKOWN,UNKOWN,G1,7th,0,1066
A9CF,64,MALE,175.4873095,85.1725,WHITE,WITH TUMOR,Hemochromatosis,G2,7th,0,2258
A9CG,55,MALE,179,94,WHITE,UNKOWN,UNKOWN,G2,7th,0,250
A9CV,59,MALE,173,59,WHITE,TUMOR FREE,Alcohol consumptionHepatitis C,G1,7th,0,142
A9CY,66,FEMALE,152,83,WHITE,TUMOR FREE,Non-Alcoholic Fatty Liver Disease,G1,7th,0,782
A9CZ,72,MALE,167,73,ASIAN,TUMOR FREE,Hepatitis B,G1,7th,0,706
A9D0,67,FEMALE,165,78,BLACK OR AFRICAN AMERICAN,TUMOR FREE,Non-Alcoholic Fatty Liver Disease,G1,7th,0,717
A9D1,56,FEMALE,170,130,WHITE,TUMOR FREE,Non-Alcoholic Fatty Liver Disease,G2,7th,0,21
A9D2,51,MALE,172,74,WHITE,WITH TUMOR,Hepatitis C,G2,7th,0,743
A9D4,65,FEMALE,155,55,WHITE,TUMOR FREE,No History of Primary Risk Factors,G1,7th,0,395
A9DB,69,MALE,187,96,WHITE,UNKOWN,No History of Primary Risk Factors,G2,7th,1,67
A9FS,55,MALE,174,72,ASIAN,TUMOR FREE,Alcohol consumption,G2,6th,0,0
A9FU,53,FEMALE,153,48,ASIAN,TUMOR FREE,Hepatitis B,G2,7th,0,0
A9FV,58,MALE,165,59,ASIAN,TUMOR FREE,Alcohol consumption,G2,6th,0,0
A9FW,68,MALE,175,67,ASIAN,TUMOR FREE,Alcohol consumption,G2,6th,0,0
A9G7,59.81769437,FEMALE,157,69,WHITE,TUMOR FREE,No History of Primary Risk Factors,G3,7th,0,30
A9GS,58,MALE,162,92,WHITE,WITH TUMOR,Alcohol consumption,G2,6th,1,724
A9GT,51,MALE,182,122,WHITE,WITH TUMOR,Alcohol consumptionHepatitis BHepatitis C,G2,6th,1,1624
A9GU,55,FEMALE,154,78,WHITE,TUMOR FREE,No History of Primary Risk Factors,G2,6th,0,1569
A9GV,55,FEMALE,167,85,WHITE,WITH TUMOR,Alcohol consumption,G1,6th,1,2532
A9GW,65,MALE,182,139,WHITE,WITH TUMOR,Alcohol consumption,G2,6th,1,1271
A9GX,68,MALE,175,104,WHITE,WITH TUMOR,Alcohol consumption,G2,6th,0,2442
A9GY,64,FEMALE,161,92,WHITE,WITH TUMOR,No History of Primary Risk Factors,G3,6th,1,757
A9GZ,82,FEMALE,153,51,WHITE,WITH TUMOR,No History of Primary Risk Factors,G2,6th,1,848
A9H0,50,MALE,180,89,WHITE,TUMOR FREE,Alcohol consumptionHepatitis BHepatitis C,G1,6th,0,3675
A9H1,58,MALE,171,89,WHITE,WITH TUMOR,Alcohol consumptionHepatitis C,G2,7th,1,1229
A9H2,65,FEMALE,176,55,WHITE,TUMOR FREE,Alcohol consumption,G3,7th,0,1582
A9H3,45,MALE,179,105,WHITE,TUMOR FREE,Alcohol consumptionNon-Alcoholic Fatty Liver Disease,G1,7th,0,1257
A9H4,69,MALE,167,61,BLACK OR AFRICAN AMERICAN,TUMOR FREE,Alcohol consumptionHepatitis B,G2,7th,0,1270
A9H5,60,FEMALE,157,69,WHITE,WITH TUMOR,Alcohol consumptionHepatitis C,G3,7th,1,555
A9H6,68,FEMALE,156,99,WHITE,UNKOWN,Alcohol consumption,G2,7th,0,357
A9H7,82,FEMALE,157,104,WHITE,WITH TUMOR,No History of Primary Risk Factors,G2,7th,0,1133
A9H8,86,FEMALE,150,40,WHITE,WITH TUMOR,Alcohol consumption,G2,7th,1,633
A9H9,70,MALE,178,88,WHITE,WITH TUMOR,Alcohol consumptionHepatitis C,G2,7th,0,456
A9HA,71,MALE,169,69,WHITE,WITH TUMOR,Alcohol consumptionHepatitis C,G2,7th,1,36
A9HB,67,MALE,167,74,WHITE,TUMOR FREE,Alcohol consumption,G2,7th,0,158
A9QC,49,MALE,188,103,WHITE,TUMOR FREE,No History of Primary Risk Factors,G2,7th,0,180
A9QD,68,MALE,168,74,WHITE,WITH TUMOR,No History of Primary Risk Factors,G2,7th,0,130
A9VG,58,MALE,170,73,WHITE,TUMOR FREE,OtherWorker at steel factory,G2,7th,0,328
A9VH,70,MALE,165,69,WHITE,TUMOR FREE,No History of Primary Risk Factors,G2,7th,0,322
AA0U,60,MALE,178,93,WHITE,WITH TUMOR,Non-Alcoholic Fatty Liver Disease,G2,7th,0,253
AA0V,69,FEMALE,175,57,WHITE,TUMOR FREE,Hemochromatosis,G1,7th,0,139
AA1C,58,MALE,174,90,WHITE,TUMOR FREE,No History of Primary Risk Factors,G2,7th,0,63
AA1D,18,FEMALE,161,59,WHITE,TUMOR FREE,No History of Primary Risk Factors,G3,7th,0,61
AA3A,81,FEMALE,151,60,WHITE,TUMOR FREE,No History of Primary Risk Factors,G4,6th,1,410
AA44,65,FEMALE,152,61,WHITE,WITH TUMOR,Non-Alcoholic Fatty Liver Disease,G3,7th,0,473
AA46,62,MALE,156,75,WHITE,TUMOR FREE,No History of Primary Risk Factors,G1,7th,0,553
AA47,33,FEMALE,168,63,WHITE,WITH TUMOR,No History of Primary Risk Factors,G2,7th,1,556
AA8I,67,MALE,171,103,WHITE,WITH TUMOR,Non-Alcoholic Fatty Liver Disease,G2,7th,0,216
AAAM,66,FEMALE,163,80,WHITE,TUMOR FREE,No History of Primary Risk Factors,G2,7th,1,46
AAC8,72,MALE,156,57,ASIAN,TUMOR FREE,Hepatitis B,G3,6th,1,16
AAC9,52,MALE,174,81,ASIAN,TUMOR FREE,Hepatitis B,G2,6th,0,347
AACA,66,MALE,165,70,ASIAN,WITH TUMOR,Hepatitis B,G3,6th,0,2000
AACB,74,FEMALE,156,72,ASIAN,TUMOR FREE,Hepatitis B,G3,6th,0,1800
AACC,62,MALE,165,61,ASIAN,WITH TUMOR,Hepatitis B,G2,6th,1,1685
AACD,49,MALE,182,66,ASIAN,WITH TUMOR,Hepatitis B,G4,6th,1,381
AACE,62,MALE,162,62,ASIAN,WITH TUMOR,Hepatitis B,G3,6th,0,1931
AACF,69,MALE,168,60,ASIAN,WITH TUMOR,Hepatitis C,G3,6th,1,365
AACG,53,MALE,168,65,ASIAN,WITH TUMOR,Hepatitis B,G4,6th,1,469
AACH,70,MALE,160,53,ASIAN,TUMOR FREE,Hepatitis B,G3,6th,1,195
AACI,69,MALE,155,48,ASIAN,WITH TUMOR,UNKOWN,G3,6th,0,1618
AACJ,75,MALE,159,73,ASIAN,WITH TUMOR,UNKOWN,G2,6th,0,1828
AACK,71,MALE,172,68,ASIAN,TUMOR FREE,Hepatitis B,G2,6th,0,9
AACL,67,FEMALE,150,69,ASIAN,UNKOWN,Hepatitis C,G3,6th,0,58
AACN,33,MALE,171,70,ASIAN,WITH TUMOR,Hepatitis B,G3,6th,0,1292
AACO,41,MALE,164,43,ASIAN,WITH TUMOR,Hepatitis B,G3,6th,0,1485
AACP,65,MALE,155,62,ASIAN,UNKOWN,Alcohol consumption,G3,6th,0,400
AACQ,50,MALE,169,64,ASIAN,WITH TUMOR,Hepatitis B,G3,6th,0,429
AACS,40,MALE,172,80,ASIAN,TUMOR FREE,Hepatitis B,G3,6th,0,1475
AACT,69,FEMALE,158,62,ASIAN,TUMOR FREE,Hepatitis B,G2,7th,0,1291
AACU,59,MALE,166,67,ASIAN,TUMOR FREE,Hepatitis B,G3,7th,0,1240
AACV,54,MALE,169,70,ASIAN,WITH TUMOR,Alcohol consumption,G3,7th,0,1210
AACW,43,MALE,166,65,ASIAN,TUMOR FREE,Alcohol consumptionHepatitis B,G3,7th,0,1157
AACX,67,MALE,155,53,ASIAN,WITH TUMOR,Alcohol consumptionHepatitis B,G3,7th,0,170
AACY,61,MALE,162,62,ASIAN,WITH TUMOR,Hepatitis B,G3,7th,0,1140
AACZ,64,FEMALE,149,52,ASIAN,TUMOR FREE,UNKOWN,G4,7th,1,171
AAD0,73,FEMALE,150,54,ASIAN,WITH TUMOR,Hepatitis B,G2,7th,0,137
AAD1,51,FEMALE,161,44,ASIAN,WITH TUMOR,Hepatitis BHepatitis C,G4,7th,0,564
AAD2,66,MALE,156,52,ASIAN,TUMOR FREE,Hepatitis B,G2,7th,0,658
AAD3,43,MALE,178,77,ASIAN,TUMOR FREE,Alcohol consumptionHepatitis B,G2,7th,0,1029
AAD5,54,MALE,170,70,ASIAN,WITH TUMOR,Alcohol consumptionHepatitis B,G3,7th,0,1037
AAD6,66,MALE,167,93,ASIAN,TUMOR FREE,Hepatitis B,G3,7th,0,672
AAD8,73,FEMALE,152,57,ASIAN,TUMOR FREE,Hepatitis BHepatitis C,G2,7th,0,959
AADA,67,FEMALE,147,59,ASIAN,TUMOR FREE,Hepatitis B,G3,7th,0,930
AADB,51,MALE,165,68,ASIAN,TUMOR FREE,Hepatitis B,G4,7th,0,890
AADC,53,MALE,176,81,ASIAN,WITH TUMOR,Hepatitis B,G3,7th,1,425
AADD,51,MALE,168,68,ASIAN,TUMOR FREE,Hepatitis B,G4,7th,0,864
AADF,65,FEMALE,145,55,ASIAN,TUMOR FREE,Hepatitis B,G4,7th,1,115
AADG,71,MALE,160,61,ASIAN,TUMOR FREE,Alcohol consumptionHepatitis B,G3,7th,0,808
AADI,44,FEMALE,165,64,ASIAN,TUMOR FREE,Hepatitis B,G3,7th,0,763
AADJ,71,FEMALE,154,59,ASIAN,TUMOR FREE,UNKOWN,G3,7th,0,730
AADK,69,FEMALE,150,51,ASIAN,TUMOR FREE,Hepatitis B,G3,7th,0,734
AADL,59,MALE,159,53,ASIAN,TUMOR FREE,Alcohol consumptionHepatitis B,G4,7th,0,636
AADM,58,MALE,159,55,ASIAN,TUMOR FREE,Alcohol consumptionHepatitis B,G3,7th,1,12
AADN,59,MALE,160,62,ASIAN,TUMOR FREE,Alcohol consumptionHepatitis B,G4,7th,0,527
AADO,55,MALE,168,58,ASIAN,TUMOR FREE,Alcohol consumptionHepatitis B,G3,7th,0,92
AADP,46,MALE,167,67,ASIAN,TUMOR FREE,Hepatitis B,G3,7th,0,120
AADQ,60,MALE,165,64,ASIAN,TUMOR FREE,Alcohol consumptionHepatitis B,G3,7th,0,161
AADR,58,MALE,170,75,ASIAN,TUMOR FREE,Alcohol consumptionHepatitis B,G3,6th,0,1742
AADS,64,MALE,164,53,ASIAN,TUMOR FREE,Alcohol consumptionHepatitis C,G2,7th,0,216
AADU,60,MALE,166,73,ASIAN,TUMOR FREE,Alcohol consumption,G3,7th,0,252
AADV,50,MALE,176,64,ASIAN,TUMOR FREE,Alcohol consumptionHepatitis B,G3,7th,0,230
AADW,49,MALE,163,49,ASIAN,TUMOR FREE,Hepatitis B,G3,7th,0,203
AADY,55,FEMALE,161,55,ASIAN,TUMOR FREE,Hepatitis B,G2,7th,0,294
AAE0,46,FEMALE,159,56,ASIAN,TUMOR FREE,Hepatitis B,G4,7th,0,300
AAE1,52,MALE,169,62,ASIAN,TUMOR FREE,Hepatitis B,G3,7th,0,293
AAE2,51,MALE,174,82,ASIAN,TUMOR FREE,Hepatitis B,G3,7th,0,288
AAE3,50,MALE,165,73,ASIAN,TUMOR FREE,Alcohol consumptionHepatitis B,G2,7th,0,300
AAE4,49,FEMALE,157,62,ASIAN,TUMOR FREE,Hepatitis B,G1,7th,0,259
AAE6,60,FEMALE,159,46,ASIAN,WITH TUMOR,UNKOWN,G2,7th,0,141
AAE7,73,MALE,172,74,ASIAN,TUMOR FREE,Alcohol consumptionHepatitis B,G2,7th,0,382
AAE9,70,MALE,165,63,ASIAN,TUMOR FREE,Alcohol consumptionHepatitis B,G3,7th,0,386
AAEA,66,MALE,163,66,ASIAN,TUMOR FREE,Alcohol consumptionHepatitis B,G3,7th,0,450
AAEB,61,MALE,161,75,ASIAN,TUMOR FREE,Alcohol consumptionHepatitis B,G2,7th,0,370
AAED,51,MALE,166,69,ASIAN,TUMOR FREE,Alcohol consumptionHepatitis B,G3,7th,0,470
AAEE,56,MALE,160,58,ASIAN,WITH TUMOR,Hepatitis B,G4,7th,0,498
AAEG,60,FEMALE,149,40,ASIAN,TUMOR FREE,No History of Primary Risk Factors,G3,7th,0,476
AAEH,74,MALE,163,62,ASIAN,TUMOR FREE,UNKOWN,G2,7th,0,476
AAEI,73,MALE,166,79,ASIAN,WITH TUMOR,Hepatitis B,G2,7th,0,1233
AAEK,51,MALE,169,64,ASIAN,TUMOR FREE,Hepatitis B,G3,7th,0,1067
AAPD,62,MALE,172,69,ASIAN,TUMOR FREE,Hepatitis B,G1,7th,0,20
AAU7,62,MALE,174.9405714,110.476,WHITE,UNKOWN,Hepatitis CHemochromatosis,G2,7th,0,113
AAUZ,49,MALE,160,77,WHITE,TUMOR FREE,Hepatitis BNon-Alcoholic Fatty Liver Disease,G2,7th,0,342
AAV0,58,MALE,158,58,ASIAN,TUMOR FREE,Hepatitis B,G2,7th,0,260
AAV1,52,MALE,181,99,ASIAN,WITH TUMOR,Hepatitis B,G3,7th,1,359
AAV2,50,MALE,178.1166667,93.82,WHITE,TUMOR FREE,Alcohol consumptionHepatitis C,G1,7th,0,295
AAV3,59,FEMALE,168,85,WHITE,TUMOR FREE,Alcohol consumptionHepatitis CNon-Alcoholic Fatty Liver Disease,G2,7th,0,279
AAV4,83,FEMALE,156,56,WHITE,TUMOR FREE,Hepatitis B,G1,7th,1,27
AAV5,68,MALE,165,88,WHITE,WITH TUMOR,Alcohol consumption,G2,7th,0,266
AAV6,54,FEMALE,165,78,WHITE,WITH TUMOR,No History of Primary Risk Factors,G3,7th,1,65
AAV7,39,MALE,165,58,ASIAN,TUMOR FREE,Hepatitis B,G2,7th,0,92
AAVP,49,MALE,167,62,ASIAN,TUMOR FREE,Hepatitis B,G1,6th,0,2405
AAVQ,38,MALE,171,72,ASIAN,TUMOR FREE,Hepatitis B,G2,6th,0,2406
AAVR,44,MALE,165,69,ASIAN,TUMOR FREE,Hepatitis B,G2,6th,0,2198
AAVS,56,MALE,169,72,ASIAN,TUMOR FREE,Hepatitis B,G2,6th,0,1823
AAVU,46,MALE,160,88,ASIAN,TUMOR FREE,Hepatitis B,G2,6th,0,1882
AAVV,57,MALE,158,71,ASIAN,TUMOR FREE,Hepatitis B,G3,6th,0,2455
AAVW,36,MALE,162,62,ASIAN,TUMOR FREE,Hepatitis B,G2,6th,0,1867
AAVX,38,MALE,178,65,ASIAN,WITH TUMOR,Hepatitis B,G2,6th,0,1718
AAVY,57,MALE,161,63,ASIAN,TUMOR FREE,No History of Primary Risk Factors,G2,6th,0,1788
AAVZ,38,MALE,171,62,ASIAN,TUMOR FREE,Hepatitis B,G2,6th,0,1699
AAW0,55,MALE,172,75,ASIAN,TUMOR FREE,Hepatitis B,G2,6th,0,1644
AAW1,56,MALE,167,60,ASIAN,TUMOR FREE,No History of Primary Risk Factors,G2,6th,0,1644
AAW2,70,MALE,156,50,ASIAN,WITH TUMOR,Non-Alcoholic Fatty Liver Disease,G2,6th,0,1505
AAW3,69,MALE,162,64,ASIAN,TUMOR FREE,No History of Primary Risk Factors,G2,6th,0,1451
AAZ8,66,MALE,172,84,BLACK OR AFRICAN AMERICAN,WITH TUMOR,Hepatitis C,G1,7th,0,243
AB4B,62,MALE,175,122,WHITE,TUMOR FREE,Alcohol consumptionNon-Alcoholic Fatty Liver DiseaseOtherHepatic Encephalopathy,G2,7th,0,122