patient_id,age,gender,race_list,person_neoplasm_cancer_status,anatomic_neoplasm_subdivision,stage_event,vital_status,icd_10,real_survival_time
4123,0.090909091,MALE,WHITE,TUMOR FREE,R-Upper,1,0,C34.1,182
4244,0.672727273,MALE,WHITE,TUMOR FREE,R-Lower,0.833333333,0,C34.3,0
4249,0.618181818,MALE,BLACK OR AFRICAN AMERICAN,TUMOR FREE,R-Lower,0.833333333,0,C34.3,1158
4250,0.836363636,FEMALE,WHITE,UNKNOWN,R-Lower,0.833333333,1,C34.3,121
4382,0.636363636,MALE,WHITE,TUMOR FREE,L-Upper,0.833333333,0,C34.1,607
4384,0.6,MALE,WHITE,UNKNOWN,R-Lower,0.833333333,0,C34.3,426
4389,0.672727273,MALE,WHITE,TUMOR FREE,R-Upper,0.666666667,0,C34.1,1369
4390,0.454545455,FEMALE,WHITE,TUMOR FREE,R-Upper,0.666666667,0,C34.1,1126
4395,0.781818182,MALE,BLACK OR AFRICAN AMERICAN,TUMOR FREE,L-Upper,0.666666667,1,C34.1,0
4396,0.781818182,MALE,WHITE,UNKNOWN,R-Lower,0.666666667,1,C34.3,303
4397,0.581818182,MALE,WHITE,UNKNOWN,R-Middle,0.666666667,1,C34.2,731
4398,0.254545455,FEMALE,BLACK OR AFRICAN AMERICAN,TUMOR FREE,R-Upper,0.666666667,0,C34.1,1431
4402,0.436363636,FEMALE,WHITE,TUMOR FREE,R-Lower,0.833333333,1,C34.3,244
4403,0.781818182,MALE,WHITE,UNKNOWN,R-Upper,0.666666667,0,C34.1,578
4405,0.745454545,FEMALE,WHITE,TUMOR FREE,R-Lower,0.666666667,0,C34.3,610
4410,0.527272727,MALE,WHITE,UNKNOWN,L-Upper,0.833333333,0,C34.1,0
4415,0.436363636,MALE,WHITE,WITH TUMOR,L-Lower,0.833333333,1,C34.3,91
4417,0.327272727,FEMALE,WHITE,TUMOR FREE,R-Upper,0.833333333,0,C34.1,455
4418,0.654545455,MALE,BLACK OR AFRICAN AMERICAN,UNKNOWN,L-Lower,0.833333333,1,C34.3,274
4420,0.145454545,MALE,BLACK OR AFRICAN AMERICAN,TUMOR FREE,R-Lower,0.833333333,0,C34.3,912
4422,0.636363636,MALE,WHITE,UNKNOWN,L-Lower,0.833333333,0,C34.3,365
4424,0.672727273,MALE,ASIAN,WITH TUMOR,R-Upper,0.833333333,0,C34.1,913
4425,0.672727273,FEMALE,ASIAN,UNKNOWN,R-Middle,0.833333333,0,C34.2,669
4426,0.690909091,MALE,BLACK OR AFRICAN AMERICAN,TUMOR FREE,L-Lower,0.833333333,0,C34.3,791
4427,0.581818182,FEMALE,WHITE,TUMOR FREE,L-Upper,0.833333333,0,C34.1,791
4430,0.472727273,FEMALE,WHITE,TUMOR FREE,L-Lower,0.833333333,0,C34.3,761
4432,0.6,MALE,WHITE,TUMOR FREE,R-Upper,0.833333333,0,C34.1,761
4433,0.890909091,MALE,WHITE,TUMOR FREE,L-Lower,0.833333333,0,C34.3,730
4434,0.618181818,FEMALE,BLACK OR AFRICAN AMERICAN,UNKNOWN,R-Lower,0.833333333,1,C34.3,457
4486,0.709090909,MALE,WHITE,WITH TUMOR,R-Lower,0.333333333,1,C34.3,2318
4487,0.709090909,FEMALE,WHITE,WITH TUMOR,L-Upper,0.333333333,1,C34.1,855
4488,0.745454545,FEMALE,WHITE,UNKNOWN,L-Lower,0.333333333,1,C34.3,869
4490,0.218181818,FEMALE,WHITE,UNKNOWN,L-Upper,0.5,1,C34.1,385
4494,0.8,MALE,WHITE,WITH TUMOR,L-Upper,0.5,1,C34.1,1081
4501,0.618181818,FEMALE,WHITE,WITH TUMOR,R-Upper,0,1,C34.1,1421
4505,0.509090909,FEMALE,WHITE,WITH TUMOR,R-Lower,0.5,1,C34.3,428
4506,0.636363636,FEMALE,WHITE,UNKNOWN,L-Upper,0.5,1,C34.1,999
4507,0.727272727,FEMALE,WHITE,WITH TUMOR,UNKNOWN,0.333333333,1,C34.0,268
4510,0.327272727,FEMALE,BLACK OR AFRICAN AMERICAN,WITH TUMOR,L-Upper,0.666666667,1,C34.1,896
4512,0.654545455,FEMALE,WHITE,WITH TUMOR,R-Middle,0.833333333,1,C34.2,905
4514,0.836363636,FEMALE,WHITE,TUMOR FREE,L-Upper,0.833333333,0,C34.1,1314
4625,0.6,FEMALE,WHITE,UNKNOWN,R-Upper,0.666666667,0,C34.1,2973
4626,0.436363636,FEMALE,WHITE,TUMOR FREE,L-Upper,0.833333333,0,C34.1,2595
4627,0.563636364,FEMALE,WHITE,UNKNOWN,R-Upper,0.166666667,1,C34.1,1147
4628,0.581818182,FEMALE,WHITE,WITH TUMOR,R-Upper,0.666666667,1,C34.1,1492
4629,0.636363636,MALE,WHITE,WITH TUMOR,R-Upper,0.166666667,1,C34.1,864
4630,0.763636364,FEMALE,WHITE,WITH TUMOR,R-Upper,0.833333333,1,C34.1,1073
4631,0.709090909,FEMALE,WHITE,WITH TUMOR,L-Upper,0,1,C34.1,354
4632,0.163636364,MALE,BLACK OR AFRICAN AMERICAN,WITH TUMOR,L-Upper,0.666666667,1,C34.1,1357
4658,0.854545455,FEMALE,WHITE,TUMOR FREE,L-Lower,0.833333333,1,C34.3,1600
4659,0.6,MALE,WHITE,WITH TUMOR,R-Upper,0.833333333,1,C34.1,711
4662,0.581818182,FEMALE,WHITE,TUMOR FREE,L-Upper,0.833333333,0,C34.1,912
4666,0.345454545,FEMALE,WHITE,TUMOR FREE,R-Upper,0.5,0,C34.1,618
4668,0.6,FEMALE,AMERICAN INDIAN OR ALASKA NATIVE,WITH TUMOR,L-Upper,0.166666667,0,C34.1,467
4670,0.654545455,FEMALE,WHITE,WITH TUMOR,L-Upper,0.5,0,C34.1,14
4675,0.472727273,MALE,WHITE,TUMOR FREE,L-Lower,1,0,C34.3,40
4676,0.218181818,MALE,WHITE,TUMOR FREE,R-Upper,1,0,C34.1,122
4677,0.763636364,MALE,WHITE,WITH TUMOR,R-Upper,1,1,C34.1,38
4679,0.654545455,MALE,WHITE,TUMOR FREE,R-Lower,1,0,C34.3,448
5044,0.709090909,FEMALE,WHITE,WITH TUMOR,R-Lower,0.666666667,1,C34.3,624
5045,0.436363636,FEMALE,BLACK OR AFRICAN AMERICAN,WITH TUMOR,R-Lower,0.833333333,1,C34.3,2174
5049,0.672727273,MALE,WHITE,TUMOR FREE,R-Upper,0.833333333,0,C34.1,1485
5051,0.163636364,FEMALE,WHITE,TUMOR FREE,L-Upper,0.833333333,0,C34.1,455
5055,0.836363636,FEMALE,WHITE,WITH TUMOR,L-Lower,0.833333333,0,C34.3,785
5066,0.709090909,MALE,BLACK OR AFRICAN AMERICAN,UNKNOWN,R-Upper,0.833333333,0,C34.1,297
5068,0.472727273,FEMALE,WHITE,WITH TUMOR,R-Lower,0.833333333,1,C34.3,1499
5072,0.745454545,MALE,WHITE,WITH TUMOR,L-Upper,0.833333333,0,C34.1,246
5375,0.509090909,MALE,WHITE,TUMOR FREE,L-Upper,0.333333333,0,C34.1,264
5420,0.618181818,MALE,WHITE,TUMOR FREE,L-Upper,0.833333333,0,C34.1,31
5423,0.581818182,MALE,ASIAN,TUMOR FREE,L-Upper,0.833333333,0,C34.9,151
5425,0.636363636,MALE,WHITE,TUMOR FREE,R-Upper,1,0,C34.9,90
5428,0.436363636,MALE,ASIAN,TUMOR FREE,R-Upper,1,0,C34.9,0
5429,0.490909091,MALE,WHITE,TUMOR FREE,L-Upper,1,0,C34.1,30
5643,0.363636364,MALE,BLACK OR AFRICAN AMERICAN,TUMOR FREE,R-Lower,1,0,C34.3,106
5644,0.327272727,FEMALE,WHITE,TUMOR FREE,R-Lower,1,0,C34.3,498
5645,0.509090909,FEMALE,BLACK OR AFRICAN AMERICAN,TUMOR FREE,L-Upper,1,0,C34.1,208
5715,0.654545455,FEMALE,BLACK OR AFRICAN AMERICAN,TUMOR FREE,L-Upper,1,0,C34.1,62
5774,0.490909091,MALE,WHITE,TUMOR FREE,UNKNOWN,0.833333333,0,C34.0,2550
5775,0.690909091,MALE,WHITE,WITH TUMOR,L-Upper,0.333333333,1,C34.1,62
5778,0.490909091,MALE,WHITE,TUMOR FREE,R-Upper,0.833333333,0,C34.1,926
5779,0.509090909,MALE,WHITE,TUMOR FREE,L-Lower,0.833333333,0,C34.3,507
5781,0.4,FEMALE,WHITE,TUMOR FREE,R-Upper,0.833333333,0,C34.1,1202
5815,0.745454545,MALE,WHITE,TUMOR FREE,R-Upper,0.833333333,0,C34.1,224
5908,0.472727273,FEMALE,WHITE,TUMOR FREE,L-Upper,0.833333333,0,C34.1,420
5930,0.254545455,MALE,WHITE,WITH TUMOR,UNKNOWN,0.666666667,1,C34.3,282
5931,0.763636364,FEMALE,WHITE,TUMOR FREE,L-Upper,0.666666667,1,C34.1,434
5932,0.763636364,MALE,WHITE,WITH TUMOR,R-Upper,0.666666667,1,C34.1,1235
5933,0.709090909,MALE,WHITE,TUMOR FREE,L-Lower,0.666666667,1,C34.3,2393
5935,0.963636364,FEMALE,WHITE,UNKNOWN,L-Upper,0.833333333,1,C34.1,653
5936,0.454545455,MALE,WHITE,UNKNOWN,R-Lower,0.833333333,1,C34.30,257
5939,0.945454545,MALE,WHITE,TUMOR FREE,R-Upper,0.833333333,1,C34.1,460
5941,0.4,FEMALE,WHITE,UNKNOWN,R-Upper,1,0,C34.1,285
5942,0.618181818,FEMALE,WHITE,UNKNOWN,R-Upper,1,0,C34.1,136
5944,0.654545455,FEMALE,WHITE,TUMOR FREE,R-Upper,1,0,C34.1,373
5946,0.527272727,MALE,WHITE,WITH TUMOR,R-Upper,0,0,C34.1,349
6144,0.454545455,MALE,WHITE,TUMOR FREE,R-Upper,1,0,C34.1,9
6145,0.527272727,FEMALE,WHITE,TUMOR FREE,R-Upper,1,0,C34.1,103
6146,0.563636364,MALE,WHITE,TUMOR FREE,L-Lower,1,0,C34.30,302
6147,0.618181818,FEMALE,WHITE,TUMOR FREE,R-Upper,1,0,C34.1,236
6148,0.490909091,MALE,WHITE,TUMOR FREE,L-Lower,1,0,C34.30,96
6178,0.672727273,FEMALE,WHITE,WITH TUMOR,L-Upper,0.333333333,0,C34.1,158
6215,0.345454545,FEMALE,WHITE,TUMOR FREE,R-Lower,1,0,C34.3,162
6216,0.436363636,FEMALE,WHITE,TUMOR FREE,R-Middle,1,0,C34.2,141
6217,0.727272727,FEMALE,WHITE,WITH TUMOR,L-Upper,1,0,C34.1,422
6562,0.345454545,MALE,WHITE,TUMOR FREE,R-Upper,1,0,C34.1,0
6590,0.709090909,FEMALE,WHITE,TUMOR FREE,R-Upper,0.833333333,1,C34.1,1288
6591,0.545454545,FEMALE,WHITE,WITH TUMOR,L-Lower,0.833333333,1,C34.3,119
6592,0.690909091,FEMALE,WHITE,WITH TUMOR,L-Lower,0.833333333,1,C34.3,777
6593,0.290909091,FEMALE,WHITE,WITH TUMOR,R-Upper,0.833333333,1,C34.1,336
6594,0.836363636,FEMALE,BLACK OR AFRICAN AMERICAN,WITH TUMOR,L-Upper,0.833333333,1,C34.1,370
6595,0.745454545,FEMALE,WHITE,WITH TUMOR,R-Upper,0.833333333,1,C34.1,189
6597,0.836363636,FEMALE,WHITE,TUMOR FREE,R-Lower,0.833333333,0,C34.3,1015
6642,0.545454545,MALE,WHITE,TUMOR FREE,R-Lower,0.833333333,0,C34.3,993
6673,0.927272727,FEMALE,WHITE,UNKNOWN,R-Upper,0.833333333,1,C34.1,22
6725,0.272727273,FEMALE,ASIAN,TUMOR FREE,R-Upper,0.833333333,0,C34.1,61
6742,0.672727273,MALE,WHITE,TUMOR FREE,L-Upper,1,0,C34.1,0
6743,0.872727273,FEMALE,WHITE,TUMOR FREE,R-Upper,1,0,C34.1,369
6744,0.563636364,FEMALE,WHITE,TUMOR FREE,L-Upper,1,0,C34.1,890
6745,0.890909091,MALE,WHITE,TUMOR FREE,L-Upper,1,0,C34.1,156
6761,0.636363636,FEMALE,WHITE,TUMOR FREE,R-Upper,0.833333333,0,C34.1,1
6767,0.236363636,FEMALE,WHITE,TUMOR FREE,R-Middle,1,0,C34.2,0
6774,0.418181818,FEMALE,WHITE,UNKNOWN,L-Lower,1,0,C34.3,166
6775,0.709090909,FEMALE,WHITE,UNKNOWN,R-Upper,1,0,C34.1,83
6776,0.490909091,FEMALE,WHITE,TUMOR FREE,R-Upper,0.833333333,0,C34.1,1938
6777,0.945454545,FEMALE,WHITE,TUMOR FREE,L-Upper,0.833333333,1,C34.1,987
6778,0.472727273,MALE,BLACK OR AFRICAN AMERICAN,TUMOR FREE,UNKNOWN,0.833333333,0,C34.1,1110
6779,0.309090909,FEMALE,WHITE,WITH TUMOR,UNKNOWN,0.833333333,1,C34.1,500
6828,0.672727273,MALE,WHITE,UNKNOWN,L-Lower,1,0,C34.3,38
6829,0.836363636,MALE,WHITE,TUMOR FREE,R-Lower,0.666666667,1,C34.3,1258
6830,0.581818182,FEMALE,WHITE,WITH TUMOR,L-Upper,0.666666667,0,C34.1,1
6831,0.6,MALE,WHITE,TUMOR FREE,R-Middle,0.666666667,0,C34.2,39
6835,0.872727273,FEMALE,WHITE,UNKNOWN,R-Lower,1,0,C34.3,35
6836,0.345454545,FEMALE,WHITE,TUMOR FREE,R-Upper,1,0,C34.1,11
6840,0.472727273,FEMALE,WHITE,TUMOR FREE,R-Upper,1,0,C34.1,0
6847,0.527272727,FEMALE,WHITE,UNKNOWN,R-Lower,0.666666667,0,C34.3,842
6848,0.472727273,MALE,WHITE,UNKNOWN,L-Upper,0.833333333,0,C34.1,127
6849,0.763636364,FEMALE,BLACK OR AFRICAN AMERICAN,UNKNOWN,L-Upper,0.833333333,0,C34.1,35
6851,0.727272727,FEMALE,WHITE,TUMOR FREE,L-Upper,1,0,C34.1,0
6968,0.509090909,MALE,WHITE,WITH TUMOR,R-Lower,0.833333333,1,C34.3,1293
6969,0.345454545,MALE,WHITE,TUMOR FREE,L-Upper,0.833333333,0,C34.1,1239
6970,0.618181818,FEMALE,WHITE,WITH TUMOR,R-Upper,0.833333333,1,C34.1,464
6971,0.472727273,FEMALE,WHITE,TUMOR FREE,L-Lower,1,0,C34.3,25
6972,0.709090909,MALE,WHITE,TUMOR FREE,R-Upper,0.833333333,0,C34.1,1475
6979,0.472727273,FEMALE,WHITE,WITH TUMOR,L-Upper,0.833333333,1,C34.1,237
6981,0.363636364,FEMALE,WHITE,TUMOR FREE,L-Upper,0.833333333,1,C34.1,1379
6985,0.454545455,FEMALE,WHITE,TUMOR FREE,L-Upper,0.833333333,0,C34.1,1233
6987,0.8,MALE,WHITE,TUMOR FREE,L-Lower,0.833333333,0,C34.3,1170
7039,0.381818182,FEMALE,WHITE,TUMOR FREE,R-Upper,1,0,C34.1,34
7043,0.545454545,FEMALE,WHITE,TUMOR FREE,R-Upper,1,0,C34.1,2
7109,0.490909091,MALE,WHITE,UNKNOWN,R-Lower,1,0,C34.3,255
7143,0.527272727,FEMALE,WHITE,UNKNOWN,L-Upper,0.833333333,1,C34.1,4961
7145,0.345454545,FEMALE,WHITE,WITH TUMOR,R-Middle,0.833333333,1,C34.2,826
7146,0.690909091,FEMALE,WHITE,UNKNOWN,L-Lower,0.833333333,1,C34.3,173
7147,0.618181818,FEMALE,WHITE,WITH TUMOR,R-Upper,0.833333333,1,C34.1,586
7148,0.690909091,MALE,WHITE,UNKNOWN,L-Upper,0.833333333,1,C34.1,626
7149,0.709090909,MALE,WHITE,UNKNOWN,R-Lower,0.833333333,0,C34.3,1093
7150,0.472727273,MALE,WHITE,WITH TUMOR,L-Lower,0.833333333,1,C34.3,666
7152,0.581818182,MALE,WHITE,WITH TUMOR,R-Upper,0.833333333,0,C34.1,1202
7153,0.581818182,FEMALE,WHITE,UNKNOWN,R-Upper,0.833333333,0,C34.8,760
7154,0.709090909,MALE,WHITE,UNKNOWN,L-Upper,0.833333333,1,C34.1,593
7155,0.636363636,MALE,WHITE,UNKNOWN,L-Upper,0.833333333,1,C34.1,1171
7156,0.527272727,MALE,WHITE,UNKNOWN,UNKNOWN,0.833333333,1,C34.9,976
7158,0.472727273,FEMALE,WHITE,WITH TUMOR,L-Lower,0.833333333,1,C34.3,179
7159,0.490909091,FEMALE,WHITE,UNKNOWN,L-Upper,0.833333333,0,C34.1,1221
7160,0.509090909,MALE,WHITE,UNKNOWN,R-Lower,0.833333333,0,C34.3,678
7161,0.654545455,FEMALE,WHITE,WITH TUMOR,L-Upper,1,0,C34.1,215
7162,0.763636364,MALE,WHITE,UNKNOWN,L-Upper,0.833333333,1,C34.1,3169
7163,0.490909091,MALE,WHITE,TUMOR FREE,R-Lower,0.833333333,0,C34.3,6812
7166,0.927272727,MALE,WHITE,UNKNOWN,L-Lower,0.833333333,1,C34.3,258
7167,0.8,MALE,WHITE,WITH TUMOR,UNKNOWN,0.833333333,1,C34.9,2681
7220,0.363636364,FEMALE,WHITE,WITH TUMOR,L-Upper,0.833333333,1,C34.1,807
7227,0.8,MALE,WHITE,TUMOR FREE,R-Lower,1,0,C34.3,53
7271,0.709090909,FEMALE,WHITE,WITH TUMOR,R-Upper,0.833333333,1,C34.1,800
7281,0.672727273,FEMALE,WHITE,TUMOR FREE,R-Middle,1,0,C34.2,18
7283,0.781818182,FEMALE,WHITE,WITH TUMOR,R-Upper,1,0,C34.1,35
7284,0.745454545,MALE,WHITE,TUMOR FREE,R-Lower,1,0,C34.8,121
7347,0.781818182,FEMALE,WHITE,TUMOR FREE,R-Upper,1,0,C34.1,297
7348,0.763636364,FEMALE,WHITE,TUMOR FREE,R-Upper,1,0,C34.1,127
7458,0.745454545,FEMALE,WHITE,TUMOR FREE,R-Lower,1,0,C34.3,251
7498,0.454545455,FEMALE,WHITE,TUMOR FREE,R-Lower,1,0,C34.3,621
7499,0.872727273,FEMALE,WHITE,TUMOR FREE,R-Upper,1,0,C34.1,519
7535,0.218181818,MALE,WHITE,WITH TUMOR,L-Upper,0.833333333,1,C34.1,949
7536,0.672727273,MALE,WHITE,WITH TUMOR,R-Upper,0.833333333,1,C34.1,244
7537,0.709090909,MALE,WHITE,UNKNOWN,R-Upper,0.833333333,1,C34.1,1622
7539,0.763636364,FEMALE,WHITE,UNKNOWN,R-Upper,1,0,C34.1,327
7540,0.6,FEMALE,WHITE,UNKNOWN,L-Lower,0.833333333,0,C34.3,881
7542,0.418181818,MALE,WHITE,UNKNOWN,R-Upper,0.833333333,1,C34.1,321
7546,0.781818182,FEMALE,WHITE,TUMOR FREE,L-Upper,0.833333333,0,C34.1,964
7547,0.618181818,FEMALE,WHITE,TUMOR FREE,R-Upper,0.833333333,0,C34.1,1435
7552,0.672727273,MALE,WHITE,TUMOR FREE,L-Lower,0.833333333,0,C34.3,1476
7553,0.454545455,FEMALE,WHITE,TUMOR FREE,L-Lower,0.833333333,0,C34.3,1332
7554,0.909090909,FEMALE,WHITE,TUMOR FREE,L-Lower,1,0,C34.3,264
7562,0.690909091,MALE,BLACK OR AFRICAN AMERICAN,TUMOR FREE,R-Lower,1,1,C34.3,87
7567,0.509090909,MALE,WHITE,TUMOR FREE,R-Upper,1,0,C34.1,163
7570,0.490909091,MALE,BLACK OR AFRICAN AMERICAN,TUMOR FREE,R-Upper,1,0,C34.1,6
7573,0.709090909,FEMALE,WHITE,TUMOR FREE,R-Upper,1,0,C34.1,4
7574,0.563636364,FEMALE,WHITE,WITH TUMOR,R-Upper,1,0,C34.1,95
7576,0.381818182,MALE,BLACK OR AFRICAN AMERICAN,TUMOR FREE,R-Upper,1,0,C34.1,40
7624,0.127272727,FEMALE,WHITE,WITH TUMOR,R-Upper,0.833333333,1,C34.1,1043
7626,0.781818182,FEMALE,WHITE,WITH TUMOR,R-Upper,0.833333333,1,C34.1,929
7633,0.618181818,MALE,WHITE,UNKNOWN,L-Upper,0.833333333,0,C34.1,994
7659,0.672727273,MALE,WHITE,TUMOR FREE,L-Upper,1,0,C34.1,299
7660,0.709090909,MALE,WHITE,TUMOR FREE,R-Upper,1,0,C34.1,162
7661,0.654545455,FEMALE,WHITE,TUMOR FREE,R-Lower,1,0,C34.3,153
7662,0.509090909,MALE,WHITE,TUMOR FREE,L-Upper,1,0,C34.1,50
7667,0.290909091,FEMALE,WHITE,TUMOR FREE,R-Lower,0.833333333,0,C34.3,557
7669,0.472727273,MALE,BLACK OR AFRICAN AMERICAN,WITH TUMOR,R-Upper,1,1,C34.1,574
7670,0.254545455,FEMALE,WHITE,TUMOR FREE,L-Upper,1,0,C34.1,531
7671,0.563636364,MALE,BLACK OR AFRICAN AMERICAN,TUMOR FREE,UNKNOWN,1,0,C34.2,535
7672,0.345454545,FEMALE,WHITE,TUMOR FREE,L-Upper,1,0,C34.1,418
7701,0.6,MALE,WHITE,TUMOR FREE,R-Upper,1,0,C34.1,11
7711,0.672727273,MALE,WHITE,TUMOR FREE,R-Lower,1,0,C34.3,27
7713,0.672727273,MALE,WHITE,TUMOR FREE,R-Middle,1,0,C34.2,7
7714,0.509090909,FEMALE,BLACK OR AFRICAN AMERICAN,WITH TUMOR,R-Lower,1,0,C34.3,0
7724,0.781818182,FEMALE,WHITE,TUMOR FREE,L-Upper,1,0,C34.1,0
7725,0.636363636,FEMALE,WHITE,TUMOR FREE,R-Lower,1,0,C34.3,39
7726,0.709090909,FEMALE,WHITE,TUMOR FREE,L-Lower,1,0,C34.3,39
7727,0.690909091,MALE,WHITE,TUMOR FREE,L-Upper,1,0,C34.1,34
7728,0.563636364,FEMALE,WHITE,TUMOR FREE,L-Upper,1,0,C34.1,24
7760,0.727272727,MALE,WHITE,UNKNOWN,R-Lower,1,0,C34.3,154
7761,0.945454545,MALE,WHITE,TUMOR FREE,L-Lower,1,0,C34.3,186
7763,0.654545455,MALE,WHITE,UNKNOWN,R-Middle,1,0,C34.2,690
7764,0.763636364,MALE,WHITE,UNKNOWN,R-Upper,1,0,C34.1,414
7765,0.418181818,MALE,BLACK OR AFRICAN AMERICAN,UNKNOWN,R-Upper,1,0,C34.1,129
7771,0.527272727,MALE,WHITE,UNKNOWN,R-Upper,1,0,C34.1,31
7813,0.327272727,FEMALE,WHITE,TUMOR FREE,R-Upper,0.833333333,0,C34.1,418
7815,0.8,MALE,WHITE,TUMOR FREE,R-Lower,1,0,C34.3,54
7816,0.290909091,FEMALE,WHITE,WITH TUMOR,R-Upper,1,0,C34.1,44
7903,0.563636364,MALE,WHITE,TUMOR FREE,R-Lower,1,0,C34.3,19
7907,0.8,MALE,WHITE,TUMOR FREE,L-Upper,1,0,C34.1,16
7910,0.309090909,FEMALE,BLACK OR AFRICAN AMERICAN,WITH TUMOR,L-Lower,1,0,C34.3,203
7911,0.672727273,FEMALE,WHITE,TUMOR FREE,R-Middle,1,0,C34.2,21
7913,0.509090909,FEMALE,BLACK OR AFRICAN AMERICAN,TUMOR FREE,L-Lower,1,0,C34.3,62
7914,0.690909091,FEMALE,WHITE,WITH TUMOR,R-Upper,1,0,C34.1,3
7937,0.581818182,MALE,WHITE,UNKNOWN,L-Upper,1,0,C34.1,181
7938,0.781818182,FEMALE,WHITE,TUMOR FREE,R-Upper,1,1,C34.1,18
7941,0.709090909,FEMALE,WHITE,TUMOR FREE,L-Upper,1,0,C34.1,22
7944,0.690909091,MALE,WHITE,TUMOR FREE,L-Lower,1,0,C34.3,21
7947,0.618181818,MALE,WHITE,TUMOR FREE,L-Upper,1,0,C34.1,40
7948,0.163636364,FEMALE,WHITE,TUMOR FREE,R-Lower,1,0,C34.3,133
7953,0.654545455,FEMALE,WHITE,TUMOR FREE,L-Upper,1,0,C34.1,34
7954,0.636363636,FEMALE,WHITE,TUMOR FREE,R-Lower,1,0,C34.3,0
7955,0.527272727,MALE,WHITE,TUMOR FREE,R-Lower,1,0,C34.3,14
7973,0.163636364,FEMALE,WHITE,TUMOR FREE,R-Middle,1,0,C34.2,230
7974,0.381818182,FEMALE,WHITE,WITH TUMOR,L-Upper,1,0,C34.1,184
7978,0.472727273,MALE,WHITE,WITH TUMOR,R-Upper,1,0,C34.1,70
7979,0.690909091,FEMALE,WHITE,UNKNOWN,R-Upper,1,0,C34.1,89
7980,0.672727273,FEMALE,WHITE,TUMOR FREE,R-Upper,1,0,C34.1,43
7994,0.872727273,MALE,WHITE,TUMOR FREE,R-Upper,1,0,C34.1,31
7995,0.727272727,FEMALE,WHITE,TUMOR FREE,L-Upper,1,0,C34.1,5
8025,0.709090909,FEMALE,BLACK OR AFRICAN AMERICAN,TUMOR FREE,R-Upper,1,0,C34.1,427
8028,0.309090909,FEMALE,BLACK OR AFRICAN AMERICAN,TUMOR FREE,L-Upper,1,0,C34.1,459
8032,0.527272727,MALE,WHITE,TUMOR FREE,R-Upper,1,0,C34.1,44
8033,0.745454545,FEMALE,WHITE,WITH TUMOR,R-Upper,1,0,C34.1,170
8039,0.709090909,MALE,WHITE,TUMOR FREE,R-Upper,1,0,C34.1,27
8054,0.509090909,MALE,WHITE,TUMOR FREE,R-Upper,1,0,C34.1,19
8055,0.836363636,MALE,WHITE,TUMOR FREE,L-Upper,1,0,C34.1,10
8056,0.563636364,FEMALE,WHITE,TUMOR FREE,Other (please specify),1,0,C34.1,0
8067,0.8,MALE,ASIAN,TUMOR FREE,L-Lower,1,0,C34.3,186
8073,0.454545455,MALE,WHITE,TUMOR FREE,L-Upper,1,0,C34.1,13
8074,0.527272727,FEMALE,WHITE,TUMOR FREE,L-Lower,1,0,C34.3,24
8075,0.6,FEMALE,WHITE,TUMOR FREE,L-Upper,1,0,C34.1,43
8076,0.163636364,MALE,WHITE,TUMOR FREE,R-Upper,1,0,C34.1,26
8085,0.563636364,MALE,WHITE,TUMOR FREE,L-Lower,1,0,C34.3,33
8087,0.472727273,FEMALE,WHITE,TUMOR FREE,R-Upper,1,0,C34.1,21
8089,0.418181818,MALE,WHITE,TUMOR FREE,R-Upper,1,0,C34.1,100
8090,0.854545455,MALE,WHITE,WITH TUMOR,R-Lower,1,0,C34.3,6
8091,0.763636364,MALE,WHITE,TUMOR FREE,R-Lower,1,0,C34.3,43
8092,0.763636364,MALE,WHITE,TUMOR FREE,R-Upper,1,0,C34.1,26
8094,0.327272727,MALE,WHITE,WITH TUMOR,L-Upper,1,0,C34.1,4
8096,0.618181818,FEMALE,WHITE,WITH TUMOR,L-Upper,1,0,C34.1,47
8097,0.490909091,FEMALE,WHITE,TUMOR FREE,R-Upper,1,0,C34.1,15
8117,0.381818182,FEMALE,WHITE,TUMOR FREE,R-Upper,1,0,C34.1,259
8119,0.727272727,MALE,WHITE,TUMOR FREE,R-Upper,1,0,C34.1,99
8120,0.454545455,MALE,BLACK OR AFRICAN AMERICAN,TUMOR FREE,R-Upper,1,0,C34.1,169
8171,0.872727273,MALE,ASIAN,WITH TUMOR,Other (please specify),1,0,C34.8,107
8172,0.763636364,FEMALE,WHITE,TUMOR FREE,R-Upper,1,0,C34.1,182
8174,0.618181818,MALE,WHITE,UNKNOWN,R-Upper,1,1,C34.1,164
8175,0.4,FEMALE,WHITE,TUMOR FREE,L-Upper,1,0,C34.1,87
8176,0.545454545,MALE,WHITE,TUMOR FREE,R-Lower,1,0,C34.3,252
8177,0.472727273,FEMALE,WHITE,TUMOR FREE,L-Lower,1,0,C34.3,147
8179,0.709090909,MALE,WHITE,TUMOR FREE,R-Upper,1,0,C34.1,15
8192,0.581818182,FEMALE,WHITE,TUMOR FREE,L-Upper,1,0,C34.1,154
8194,0.654545455,FEMALE,WHITE,UNKNOWN,R-Lower,1,0,C34.3,114
8203,0.654545455,FEMALE,WHITE,TUMOR FREE,R-Lower,1,0,C34.3,4
8204,0.981818182,FEMALE,WHITE,TUMOR FREE,L-Upper,1,0,C34.1,0
8205,0.781818182,FEMALE,WHITE,TUMOR FREE,R-Lower,1,0,C34.3,33
8206,0.418181818,MALE,WHITE,TUMOR FREE,R-Upper,1,0,C34.1,46
8207,0.727272727,MALE,WHITE,TUMOR FREE,L-Lower,1,0,C34.3,66
8208,0.727272727,FEMALE,WHITE,TUMOR FREE,R-Upper,1,0,C34.1,0
8253,0.472727273,FEMALE,BLACK OR AFRICAN AMERICAN,UNKNOWN,R-Lower,1,0,C34.3,100
8254,0.945454545,MALE,WHITE,TUMOR FREE,R-Lower,1,0,C34.3,77
8255,0.709090909,MALE,WHITE,UNKNOWN,R-Upper,1,0,C34.1,129
8278,0.545454545,FEMALE,WHITE,TUMOR FREE,L-Lower,1,0,C34.30,23
8279,0.236363636,MALE,WHITE,TUMOR FREE,R-Upper,1,0,C34.1,21
8280,0.381818182,FEMALE,WHITE,TUMOR FREE,L-Lower,1,0,C34.3,16
8281,0.763636364,MALE,WHITE,TUMOR FREE,R-Lower,1,0,C34.3,0
8299,0.509090909,FEMALE,WHITE,TUMOR FREE,R-Upper,1,0,C34.1,216
8301,0.472727273,MALE,WHITE,TUMOR FREE,R-Lower,1,0,C34.3,44
8302,0.381818182,MALE,WHITE,TUMOR FREE,R-Lower,1,0,C34.3,23
8358,0.2,MALE,WHITE,TUMOR FREE,R-Upper,1,0,C34.1,19
8359,0.345454545,MALE,WHITE,TUMOR FREE,L-Lower,1,0,C34.3,26
8394,0.581818182,FEMALE,WHITE,TUMOR FREE,L-Lower,0.833333333,1,C34.3,139
8395,0.854545455,FEMALE,WHITE,WITH TUMOR,R-Upper,0.833333333,0,C34.1,705
8397,0.672727273,FEMALE,WHITE,TUMOR FREE,R-Lower,0.833333333,0,C34.3,940
8398,0.4,MALE,WHITE,TUMOR FREE,R-Lower,0.833333333,1,C34.3,444
8399,0.527272727,MALE,WHITE,TUMOR FREE,L-Upper,0.833333333,0,C34.1,2093
8402,0.727272727,FEMALE,WHITE,WITH TUMOR,R-Upper,0.833333333,0,C34.1,1445
8453,0.8,MALE,WHITE,WITH TUMOR,R-Lower,1,0,C34.30,171
8457,0.545454545,FEMALE,BLACK OR AFRICAN AMERICAN,TUMOR FREE,R-Upper,1,0,C34.1,44
8459,0.636363636,MALE,WHITE,WITH TUMOR,R-Lower,1,0,C34.30,231
8460,0.745454545,MALE,WHITE,UNKNOWN,R-Upper,1,0,C34.1,105
8494,0.618181818,MALE,WHITE,UNKNOWN,R-Middle,1,0,C34.2,71
8496,0.545454545,FEMALE,WHITE,UNKNOWN,L-Lower,1,0,C34.3,197
8497,0.763636364,FEMALE,WHITE,UNKNOWN,R-Upper,1,0,C34.1,174
8499,0.781818182,FEMALE,WHITE,UNKNOWN,L-Lower,1,0,C34.3,36
8505,0.527272727,MALE,WHITE,TUMOR FREE,R-Lower,1,0,C34.3,29
8506,0.527272727,FEMALE,WHITE,UNKNOWN,R-Upper,1,0,C34.1,11
8507,0.363636364,MALE,WHITE,TUMOR FREE,R-Upper,1,0,C34.1,8
8508,0.490909091,FEMALE,BLACK OR AFRICAN AMERICAN,UNKNOWN,R-Upper,1,0,C34.1,15
8510,0.4,FEMALE,WHITE,TUMOR FREE,R-Lower,1,0,C34.3,228
8511,0.727272727,FEMALE,WHITE,TUMOR FREE,R-Upper,1,0,C34.1,9
8512,0.145454545,MALE,WHITE,WITH TUMOR,R-Lower,1,0,C34.3,3
8513,0.8,FEMALE,WHITE,TUMOR FREE,L-Lower,1,0,C34.30,146
8514,0.672727273,FEMALE,BLACK OR AFRICAN AMERICAN,TUMOR FREE,R-Upper,1,0,C34.1,202
8520,0.490909091,FEMALE,ASIAN,TUMOR FREE,L-Upper,1,0,C34.1,3
8547,0.818181818,FEMALE,WHITE,TUMOR FREE,R-Lower,1,0,C34.3,148
8552,0.4,FEMALE,WHITE,TUMOR FREE,L-Lower,1,0,C34.3,115
8585,0.436363636,MALE,WHITE,TUMOR FREE,L-Upper,1,0,C34.1,35
8614,0.781818182,MALE,WHITE,TUMOR FREE,L-Upper,1,0,C34.1,41
8615,0.618181818,MALE,WHITE,TUMOR FREE,R-Middle,1,0,C34.2,15
8616,0.454545455,FEMALE,WHITE,TUMOR FREE,R-Upper,1,0,C34.1,48
8619,0.709090909,FEMALE,WHITE,TUMOR FREE,R-Lower,1,0,C34.30,49
8620,0.490909091,MALE,WHITE,WITH TUMOR,L-Upper,1,0,C34.1,66
8621,0.763636364,FEMALE,WHITE,TUMOR FREE,L-Lower,1,0,C34.3,106
8640,0.472727273,MALE,ASIAN,TUMOR FREE,L-Upper,0.833333333,0,C34.1,6346
8648,0.454545455,FEMALE,WHITE,UNKNOWN,R-Upper,0.833333333,1,C34.1,1209
8655,0.8,FEMALE,WHITE,UNKNOWN,L-Lower,0.833333333,0,C34.3,2360
8660,0.654545455,MALE,WHITE,WITH TUMOR,R-Lower,0.833333333,1,C34.3,321
8662,0.363636364,FEMALE,WHITE,UNKNOWN,R-Upper,0.833333333,1,C34.1,3361
8668,0.509090909,FEMALE,WHITE,TUMOR FREE,L-Lower,1,0,C34.3,45
8669,0.563636364,MALE,WHITE,TUMOR FREE,R-Upper,1,0,C34.1,34
8671,0.709090909,FEMALE,WHITE,WITH TUMOR,R-Upper,1,0,C34.1,18
8672,0.472727273,MALE,WHITE,TUMOR FREE,R-Upper,1,0,C34.1,15
8673,0.509090909,MALE,WHITE,TUMOR FREE,L-Upper,1,0,C34.1,0
8674,0.309090909,MALE,WHITE,TUMOR FREE,R-Middle,1,0,C34.2,0
A443,0.545454545,FEMALE,WHITE,UNKNOWN,L-Lower,1,0,C34.3,116
A444,0.490909091,FEMALE,WHITE,UNKNOWN,R-Upper,1,0,C34.1,6
A44F,0.854545455,MALE,WHITE,TUMOR FREE,R-Upper,1,0,C34.1,133
A456,0.818181818,FEMALE,ASIAN,TUMOR FREE,L-Upper,1,0,C34.1,10
A46O,0.581818182,FEMALE,WHITE,WITH TUMOR,R-Lower,0.833333333,1,C34.3,1454
A46P,0.581818182,MALE,WHITE,TUMOR FREE,L-Upper,0.833333333,1,C34.1,594
A46R,0.381818182,FEMALE,WHITE,TUMOR FREE,L-Lower,0.833333333,1,C34.3,1725
A46S,0.727272727,MALE,WHITE,WITH TUMOR,L-Upper,0.833333333,1,C34.1,1653
A46U,0.690909091,FEMALE,WHITE,TUMOR FREE,R-Lower,0.833333333,0,C34.3,1708
A46V,0.818181818,FEMALE,WHITE,TUMOR FREE,L-Lower,0.833333333,0,C34.3,1631
A46Y,0.672727273,FEMALE,WHITE,WITH TUMOR,R-Lower,0.833333333,1,C34.3,414
A470,0.927272727,MALE,WHITE,WITH TUMOR,R-Upper,0.833333333,1,C34.1,1194
A471,0.563636364,MALE,WHITE,TUMOR FREE,L-Upper,1,0,C34.1,883
A472,0.672727273,MALE,WHITE,WITH TUMOR,R-Lower,1,0,C34.3,540
A479,0.745454545,FEMALE,BLACK OR AFRICAN AMERICAN,TUMOR FREE,R-Upper,1,0,C34.1,256
A47A,0.818181818,FEMALE,WHITE,TUMOR FREE,R-Upper,1,0,C34.1,202
A47B,0.836363636,MALE,WHITE,TUMOR FREE,R-Upper,1,0,C34.1,105
A47G,0.727272727,FEMALE,WHITE,TUMOR FREE,R-Upper,1,0,C34.1,135
A48X,0.545454545,FEMALE,WHITE,TUMOR FREE,L-Lower,1,0,C34.3,33
A48Y,0.654545455,MALE,WHITE,TUMOR FREE,L-Lower,1,0,C34.3,42
A48Z,0.490909091,FEMALE,WHITE,WITH TUMOR,R-Upper,1,0,C34.1,29
A490,0.818181818,MALE,WHITE,TUMOR FREE,R-Upper,1,0,C34.1,48
A491,0.872727273,FEMALE,WHITE,TUMOR FREE,L-Lower,1,0,C34.3,0
A492,0.672727273,FEMALE,WHITE,TUMOR FREE,R-Upper,1,0,C34.1,1
A493,0.381818182,FEMALE,WHITE,TUMOR FREE,R-Upper,1,0,C34.1,28
A494,0.509090909,FEMALE,WHITE,TUMOR FREE,R-Lower,1,0,C34.3,5
A4AD,0.509090909,FEMALE,WHITE,TUMOR FREE,L-Upper,1,0,C34.1,287
A4AE,0.8,FEMALE,WHITE,TUMOR FREE,L-Upper,1,0,C34.1,282
A4AG,0.6,FEMALE,WHITE,TUMOR FREE,L-Upper,1,0,C34.1,238
A4BC,0.472727273,MALE,WHITE,UNKNOWN,R-Upper,1,0,C34.1,44
A4BD,0.818181818,MALE,WHITE,TUMOR FREE,L-Lower,1,0,C34.3,218
A4D0,0.272727273,MALE,WHITE,TUMOR FREE,R-Upper,1,0,C34.1,30
A4DF,1,MALE,WHITE,TUMOR FREE,R-Lower,1,0,C34.3,47
A4DG,0.690909091,MALE,WHITE,TUMOR FREE,R-Upper,1,0,C34.1,162
A4E5,0.272727273,FEMALE,WHITE,TUMOR FREE,L-Upper,1,0,C34.1,213
A4E6,0.618181818,MALE,WHITE,TUMOR FREE,R-Upper,1,0,C34.1,76
A4EZ,0.545454545,MALE,WHITE,TUMOR FREE,L-Upper,1,0,C34.1,280
A4JF,0.418181818,MALE,WHITE,TUMOR FREE,R-Upper,1,0,C34.1,0
A4JN,0.690909091,MALE,WHITE,WITH TUMOR,L-Upper,1,0,C34.1,382
A4JO,0.672727273,MALE,WHITE,TUMOR FREE,R-Lower,1,1,C34.3,33
A4JP,0.563636364,MALE,ASIAN,WITH TUMOR,R-Lower,1,0,C34.3,269
A4JQ,0.290909091,MALE,WHITE,TUMOR FREE,R-Upper,1,0,C34.1,100
A4LX,0.872727273,MALE,WHITE,UNKNOWN,Other (please specify),1,0,C34.1,272
A4M0,0.490909091,FEMALE,WHITE,UNKNOWN,R-Upper,1,0,C34.1,216
A4M1,0.345454545,FEMALE,WHITE,UNKNOWN,R-Upper,1,0,C34.1,209
A4M2,0.6,MALE,WHITE,TUMOR FREE,R-Middle,1,0,C34.2,197
A4M3,0.654545455,FEMALE,WHITE,UNKNOWN,R-Upper,1,0,C34.1,237
A4M5,0.927272727,MALE,WHITE,UNKNOWN,R-Upper,1,0,C34.1,132
A4M6,0.218181818,FEMALE,WHITE,UNKNOWN,R-Lower,1,0,C34.3,185
A4M7,0.745454545,MALE,WHITE,TUMOR FREE,R-Middle,1,0,C34.2,271
A4N1,0.490909091,MALE,BLACK OR AFRICAN AMERICAN,UNKNOWN,R-Upper,1,0,C34.1,285
A4N4,0.436363636,MALE,WHITE,UNKNOWN,L-Upper,1,0,C34.1,622
A4N5,0.545454545,MALE,WHITE,UNKNOWN,L-Upper,1,0,C34.1,84
A4P7,0.545454545,FEMALE,WHITE,TUMOR FREE,L-Lower,1,0,C34.3,14
A4P8,0.472727273,FEMALE,WHITE,UNKNOWN,R-Lower,1,0,C34.3,39
A4SS,0.727272727,MALE,WHITE,TUMOR FREE,L-Upper,1,0,C34.1,114
A4SU,0.636363636,FEMALE,WHITE,TUMOR FREE,R-Lower,1,0,C34.3,76
A4SV,0.618181818,MALE,BLACK OR AFRICAN AMERICAN,UNKNOWN,L-Lower,0.666666667,1,C34.3,2620
A4SW,0.363636364,MALE,WHITE,UNKNOWN,L-Upper,0.666666667,1,C34.1,1778
A4SY,0.509090909,MALE,WHITE,TUMOR FREE,R-Lower,0.666666667,1,C34.3,1501
A4T4,0.636363636,FEMALE,WHITE,UNKNOWN,R-Lower,0.833333333,1,C34.3,2617
A4T6,0.781818182,FEMALE,WHITE,TUMOR FREE,L-Lower,0.833333333,1,C34.3,1790
A4T7,0.763636364,FEMALE,WHITE,UNKNOWN,R-Lower,0.833333333,1,C34.3,167
A4T8,0.636363636,MALE,ASIAN,UNKNOWN,L-Upper,0.833333333,1,C34.1,161
A4T9,0.381818182,FEMALE,WHITE,WITH TUMOR,L-Upper,0.833333333,1,C34.1,1265
A4TA,0.763636364,FEMALE,WHITE,WITH TUMOR,R-Upper,0.833333333,1,C34.1,950
A4TC,0.818181818,MALE,WHITE,TUMOR FREE,R-Middle,0.833333333,1,C34.2,74
A4TD,0.690909091,MALE,WHITE,UNKNOWN,L-Lower,0.833333333,1,C34.3,307
A4TE,0.418181818,MALE,WHITE,WITH TUMOR,L-Lower,1,1,C34.3,896
A4TF,0.454545455,FEMALE,WHITE,WITH TUMOR,R-Upper,1,1,C34.1,336
A4TI,0.709090909,MALE,WHITE,WITH TUMOR,R-Lower,1,1,C34.3,429
A4TJ,0.527272727,FEMALE,WHITE,UNKNOWN,R-Upper,0.833333333,1,C34.1,339
A4TK,0.418181818,FEMALE,BLACK OR AFRICAN AMERICAN,WITH TUMOR,R-Lower,0.666666667,1,C34.3,582
A4VK,0.745454545,FEMALE,WHITE,TUMOR FREE,R-Upper,1,0,C34.1,121
A4VN,0.527272727,FEMALE,WHITE,TUMOR FREE,R-Lower,1,0,C34.3,142
A4VP,0.6,FEMALE,WHITE,TUMOR FREE,L-Lower,1,0,C34.3,168
A4YF,0.309090909,FEMALE,BLACK OR AFRICAN AMERICAN,UNKNOWN,R-Upper,0.833333333,0,C34.1,1720
A4YG,0.581818182,MALE,WHITE,TUMOR FREE,L-Upper,0.833333333,0,C34.1,1726
A4YI,0.981818182,FEMALE,WHITE,UNKNOWN,R-Upper,0.833333333,1,C34.1,4
A4YP,0.345454545,MALE,WHITE,TUMOR FREE,R-Lower,1,0,C34.3,50
A4YQ,0.654545455,FEMALE,WHITE,TUMOR FREE,L-Upper,1,0,C34.1,886
A50W,0.763636364,MALE,BLACK OR AFRICAN AMERICAN,TUMOR FREE,L-Lower,1,0,C34.3,266
A52J,0.745454545,FEMALE,WHITE,WITH TUMOR,L-Lower,0.833333333,1,C34.3,1798
A55A,0.781818182,FEMALE,WHITE,TUMOR FREE,R-Lower,0.833333333,0,C34.3,3
A55O,0.418181818,FEMALE,WHITE,TUMOR FREE,R-Upper,1,0,C34.1,13
A55R,0.618181818,MALE,WHITE,TUMOR FREE,L-Upper,1,0,C34.1,603
A57B,0.854545455,FEMALE,BLACK OR AFRICAN AMERICAN,TUMOR FREE,L-Upper,1,0,C34.1,21
A59K,0.490909091,FEMALE,BLACK OR AFRICAN AMERICAN,TUMOR FREE,R-Upper,1,0,C34.1,214
A5C7,0.781818182,FEMALE,WHITE,TUMOR FREE,L-Upper,0.833333333,0,C34.1,1490
A5IP,0.127272727,FEMALE,BLACK OR AFRICAN AMERICAN,WITH TUMOR,R-Upper,1,1,C34.1,58
A743,0.418181818,MALE,BLACK OR AFRICAN AMERICAN,TUMOR FREE,L-Upper,1,0,C34.1,312
A7SV,0.654545455,MALE,BLACK OR AFRICAN AMERICAN,TUMOR FREE,L-Lower,1,0,C34.3,111
A7XG,0.290909091,MALE,BLACK OR AFRICAN AMERICAN,WITH TUMOR,L-Upper,1,0,C34.1,295
A8F4,0.563636364,FEMALE,BLACK OR AFRICAN AMERICAN,TUMOR FREE,L-Upper,1,0,C34.1,102
A93V,0.345454545,FEMALE,BLACK OR AFRICAN AMERICAN,WITH TUMOR,R-Lower,1,0,C34.3,254
A9RS,0.145454545,MALE,BLACK OR AFRICAN AMERICAN,WITH TUMOR,R-Upper,1,0,C34.1,305
AA1A,0.636363636,FEMALE,BLACK OR AFRICAN AMERICAN,TUMOR FREE,R-Upper,1,0,C34.1,121
AA5R,0.672727273,FEMALE,BLACK OR AFRICAN AMERICAN,TUMOR FREE,L-Lower,1,0,C34.3,189
AAQV,0.563636364,FEMALE,BLACK OR AFRICAN AMERICAN,TUMOR FREE,L-Lower,1,1,C34.3,677
AAR0,0.436363636,MALE,BLACK OR AFRICAN AMERICAN,TUMOR FREE,R-Upper,0.666666667,0,C34.1,4415
AAR2,0.563636364,MALE,BLACK OR AFRICAN AMERICAN,TUMOR FREE,R-Lower,0.833333333,0,C34.3,1945
AAR3,0.654545455,MALE,BLACK OR AFRICAN AMERICAN,UNKNOWN,R-Upper,0.833333333,0,C34.1,1893
AAR4,0.327272727,MALE,BLACK OR AFRICAN AMERICAN,WITH TUMOR,L-Upper,0.833333333,1,C34.1,879
AAR9,0.509090909,MALE,BLACK OR AFRICAN AMERICAN,WITH TUMOR,Other (please specify),0.666666667,1,C34.1,260
AARE,0.327272727,FEMALE,BLACK OR AFRICAN AMERICAN,WITH TUMOR,R-Upper,0.666666667,1,C34.1,1229
AARN,0.418181818,FEMALE,BLACK OR AFRICAN AMERICAN,UNKNOWN,R-Lower,0.666666667,1,C34.3,1135
AARO,0.109090909,FEMALE,BLACK OR AFRICAN AMERICAN,WITH TUMOR,L-Upper,0.833333333,0,C34.1,3755
AARQ,0.145454545,FEMALE,BLACK OR AFRICAN AMERICAN,TUMOR FREE,R-Upper,0.5,0,C34.1,6443
AARR,0.636363636,MALE,BLACK OR AFRICAN AMERICAN,TUMOR FREE,L-Upper,0.666666667,0,C34.1,4630