patient_id,age,gender,race_list,tissue_source_site,person_neoplasm_cancer_status,stage_event,vital_status,icd_10,real_survival_time
2703,0.666666667,MALE,WHITE,60,UNKNOWN,0.666666667,1,C34.9,2945
2704,0.666666667,MALE,WHITE,60,WITH TUMOR,0.833333333,1,C34.1,1154
2706,0.37254902,MALE,WHITE,60,TUMOR FREE,0,0,C34.9,2500
2707,0.607843137,MALE,UNKNOWN,60,WITH TUMOR,0,1,C34.1,667
2708,0.490196078,FEMALE,WHITE,60,TUMOR FREE,0,0,C34.3,2083
2709,0.588235294,MALE,BLACK OR AFRICAN AMERICAN,60,TUMOR FREE,0.833333333,0,C34.1,1505
2710,0.549019608,FEMALE,WHITE,60,TUMOR FREE,0.833333333,0,C34.1,1686
2711,0.490196078,FEMALE,WHITE,60,TUMOR FREE,0,0,C34.9,889
2712,0.784313725,FEMALE,WHITE,60,UNKNOWN,0,1,C34.1,274
2713,0.490196078,MALE,WHITE,60,UNKNOWN,0,0,C34.3,1456
2714,0.529411765,FEMALE,WHITE,60,TUMOR FREE,0.833333333,0,C34.9,512
2715,0.254901961,MALE,WHITE,60,WITH TUMOR,0.833333333,1,C34.1,1075
2716,0,MALE,UNKNOWN,60,TUMOR FREE,0,0,C34.9,1181
2719,0.862745098,FEMALE,WHITE,60,TUMOR FREE,0,0,C34.9,932
2720,0.411764706,FEMALE,WHITE,60,TUMOR FREE,0,0,C34.3,119
2721,0.666666667,MALE,WHITE,60,TUMOR FREE,0,0,C34.1,794
2722,0.529411765,MALE,WHITE,60,TUMOR FREE,0,0,C34.1,733
2723,0.68627451,FEMALE,WHITE,60,TUMOR FREE,0,0,C34.9,693
2724,0.156862745,MALE,WHITE,60,TUMOR FREE,0.333333333,0,C34.9,111
2725,0.68627451,MALE,WHITE,60,TUMOR FREE,0,0,C34.1,719
2726,0.333333333,MALE,WHITE,60,TUMOR FREE,0,1,C34.2,358
2727,0.31372549,FEMALE,UNKNOWN,66,UNKNOWN,0.666666667,1,C34.3,516
2734,0.450980392,FEMALE,UNKNOWN,66,UNKNOWN,0.666666667,0,C34.3,1311
2737,0.647058824,MALE,UNKNOWN,66,TUMOR FREE,0.666666667,0,C34.2,61
2742,0.607843137,MALE,UNKNOWN,66,UNKNOWN,0.666666667,0,C34.1,641
2744,0.62745098,MALE,UNKNOWN,66,TUMOR FREE,0.666666667,0,C34.3,30
2753,0.588235294,MALE,UNKNOWN,66,TUMOR FREE,0.666666667,0,C34.3,31
2754,0.549019608,MALE,UNKNOWN,66,TUMOR FREE,0.833333333,0,C34.1,61
2755,0.470588235,MALE,UNKNOWN,66,TUMOR FREE,0.666666667,0,C34.1,28
2756,0.568627451,MALE,UNKNOWN,66,TUMOR FREE,0.833333333,0,C34.1,30
2757,0.509803922,FEMALE,UNKNOWN,66,UNKNOWN,0.833333333,0,C34.1,30
2758,0.62745098,MALE,UNKNOWN,66,UNKNOWN,0.666666667,0,C34.1,639
2759,0.529411765,MALE,UNKNOWN,66,UNKNOWN,0.666666667,0,C34.3,762
2763,0.470588235,FEMALE,UNKNOWN,66,TUMOR FREE,0.833333333,0,C34.1,30
2765,0.490196078,MALE,UNKNOWN,66,TUMOR FREE,0.833333333,0,C34.3,61
2766,0.294117647,MALE,UNKNOWN,66,TUMOR FREE,0.833333333,0,C34.1,31
2767,0.450980392,MALE,UNKNOWN,66,TUMOR FREE,0.833333333,0,C34.3,61
2768,0.352941176,MALE,UNKNOWN,66,TUMOR FREE,0.833333333,0,C34.3,61
2769,0.705882353,MALE,UNKNOWN,66,UNKNOWN,0.833333333,1,C34.1,215
2770,0.784313725,MALE,UNKNOWN,66,UNKNOWN,0.833333333,0,C34.3,700
2771,0.411764706,MALE,UNKNOWN,66,UNKNOWN,0.833333333,0,C34.1,578
2773,0.588235294,MALE,UNKNOWN,66,TUMOR FREE,0.833333333,1,C34.3,92
2777,0.62745098,MALE,UNKNOWN,66,TUMOR FREE,0.833333333,0,C34.2,61
2778,0.568627451,FEMALE,UNKNOWN,66,UNKNOWN,0.833333333,0,C34.3,578
2780,0.509803922,MALE,UNKNOWN,66,UNKNOWN,0.833333333,1,C34.1,366
2781,0.549019608,MALE,UNKNOWN,66,TUMOR FREE,0.833333333,0,C34.1,121
2782,0.62745098,MALE,UNKNOWN,66,UNKNOWN,0.666666667,1,C34.1,365
2783,0.549019608,MALE,UNKNOWN,66,UNKNOWN,0.833333333,0,C34.3,759
2785,0.509803922,MALE,UNKNOWN,66,TUMOR FREE,0.833333333,0,C34.1,60
2786,0.568627451,FEMALE,UNKNOWN,66,UNKNOWN,0.666666667,0,C34.1,790
2787,0.352941176,MALE,UNKNOWN,66,UNKNOWN,0.833333333,0,C34.1,1217
2788,0.333333333,MALE,UNKNOWN,66,UNKNOWN,0.833333333,0,C34.3,699
2789,0.666666667,MALE,UNKNOWN,66,TUMOR FREE,0.833333333,1,C34.3,123
2790,0.647058824,MALE,UNKNOWN,66,UNKNOWN,0.833333333,0,C34.1,699
2791,0.529411765,MALE,UNKNOWN,66,UNKNOWN,0.833333333,1,C34.3,153
2792,0.37254902,MALE,UNKNOWN,66,UNKNOWN,0.833333333,0,C34.3,913
2793,0.568627451,MALE,UNKNOWN,66,TUMOR FREE,0.833333333,1,C34.2,306
2794,0.490196078,MALE,UNKNOWN,66,UNKNOWN,0.833333333,0,C34.1,1645
2795,0.568627451,MALE,UNKNOWN,66,TUMOR FREE,0.833333333,0,C34.1,122
2800,0.607843137,MALE,UNKNOWN,66,UNKNOWN,0.666666667,0,C34.1,1492
3394,0.254901961,MALE,BLACK OR AFRICAN AMERICAN,43,TUMOR FREE,0.833333333,0,C34.3,352
3406,0.549019608,MALE,WHITE,18,WITH TUMOR,0,1,C34.1,371
3407,0.647058824,MALE,ASIAN,18,TUMOR FREE,0,1,C34.1,136
3408,0.745098039,FEMALE,WHITE,18,WITH TUMOR,0,0,C34.3,2099
3409,0.68627451,MALE,WHITE,18,TUMOR FREE,0.833333333,0,C34.1,2417
3410,0.823529412,MALE,UNKNOWN,18,TUMOR FREE,0,1,C34.3,146
3411,0.490196078,FEMALE,UNKNOWN,18,TUMOR FREE,0.333333333,0,C34.1,1415
3412,0.254901961,MALE,WHITE,18,WITH TUMOR,0,1,C34.3,345
3414,0.666666667,MALE,ASIAN,18,TUMOR FREE,0.5,1,C34.3,716
3415,0.745098039,MALE,UNKNOWN,18,TUMOR FREE,0,0,C34.1,1810
3416,0.862745098,MALE,UNKNOWN,18,WITH TUMOR,0,0,C34.1,956
3417,0.509803922,MALE,UNKNOWN,18,TUMOR FREE,0.5,0,C34.9,758
3419,0.666666667,MALE,UNKNOWN,18,TUMOR FREE,0,0,C34.3,53
3421,0.509803922,MALE,WHITE,18,TUMOR FREE,0,0,C34.3,1331
3765,0.392156863,FEMALE,WHITE,46,TUMOR FREE,0,0,C34.1,396
3766,0.450980392,FEMALE,WHITE,46,TUMOR FREE,0,0,C34.3,365
3767,0.725490196,MALE,WHITE,46,TUMOR FREE,0,0,C34.3,396
3768,0.37254902,MALE,WHITE,46,TUMOR FREE,0.333333333,1,C34.1,299
3769,0.352941176,MALE,WHITE,46,TUMOR FREE,1,0,C34.1,121
3783,0.235294118,MALE,WHITE,37,TUMOR FREE,1,0,C34.1,122
3789,0.509803922,MALE,WHITE,37,TUMOR FREE,1,0,C34.1,13
3792,0.588235294,MALE,WHITE,37,TUMOR FREE,1,0,C34.1,12
3920,0.62745098,MALE,WHITE,43,TUMOR FREE,1,0,C34.1,268
4079,0.666666667,FEMALE,BLACK OR AFRICAN AMERICAN,51,UNKNOWN,0.833333333,1,C34.1,12
4080,0.509803922,MALE,BLACK OR AFRICAN AMERICAN,51,UNKNOWN,0.333333333,1,C34.1,12
4081,0.31372549,MALE,WHITE,51,WITH TUMOR,0,0,C34.1,63
4083,0.470588235,MALE,WHITE,18,TUMOR FREE,0,1,C34.3,188
4086,0.509803922,MALE,UNKNOWN,18,TUMOR FREE,0,1,C34.3,85
4129,0.254901961,FEMALE,WHITE,37,TUMOR FREE,1,0,C34.2,213
4130,0.333333333,MALE,WHITE,37,TUMOR FREE,1,0,C34.1,247
4132,0.431372549,FEMALE,WHITE,37,TUMOR FREE,1,0,C34.3,227
4133,0.470588235,MALE,WHITE,37,TUMOR FREE,1,0,C34.9,238
4135,0.568627451,MALE,WHITE,37,TUMOR FREE,1,0,C34.3,207
4141,0.509803922,FEMALE,WHITE,37,TUMOR FREE,1,0,C34.1,12
4532,0.568627451,MALE,WHITE,33,TUMOR FREE,0.666666667,0,C34.3,2524
4533,0.725490196,FEMALE,BLACK OR AFRICAN AMERICAN,33,TUMOR FREE,0.666666667,0,C34.9,3469
4538,0.529411765,MALE,WHITE,33,UNKNOWN,0.833333333,1,C34.1,2979
4547,0.568627451,MALE,WHITE,33,TUMOR FREE,0.833333333,0,C34.1,1311
4566,0.019607843,MALE,WHITE,33,UNKNOWN,0.5,1,C34.1,5287
4582,0.31372549,MALE,WHITE,33,UNKNOWN,0.666666667,1,C34.3,3149
4583,0.666666667,MALE,WHITE,33,UNKNOWN,0.666666667,0,C34.3,4299
4586,0.352941176,MALE,WHITE,33,UNKNOWN,0.833333333,1,C34.3,428
4587,0.470588235,FEMALE,WHITE,33,WITH TUMOR,0.833333333,1,C34.2,1656
4589,0.450980392,FEMALE,WHITE,33,UNKNOWN,0.333333333,1,C34.9,47
4591,0.803921569,MALE,WHITE,22,WITH TUMOR,0.333333333,1,C34.3,623
4593,0.745098039,MALE,WHITE,22,TUMOR FREE,1,1,C34.3,1067
4594,0.411764706,FEMALE,UNKNOWN,22,UNKNOWN,0.333333333,1,C34.1,1470
4595,0.352941176,MALE,WHITE,22,WITH TUMOR,0.333333333,1,C34.3,734
4596,0.588235294,FEMALE,WHITE,22,TUMOR FREE,0,1,C34.1,17
4599,0.666666667,FEMALE,WHITE,22,UNKNOWN,0,1,C34.8,1161
4601,0.666666667,FEMALE,WHITE,22,WITH TUMOR,0.333333333,1,C34.1,1057
4604,0.666666667,MALE,WHITE,22,WITH TUMOR,0,1,C34.1,399
4605,0.764705882,FEMALE,UNKNOWN,22,TUMOR FREE,0.833333333,1,C34.10,974
4607,0.705882353,MALE,WHITE,22,TUMOR FREE,0,1,C34.3,587
4609,0.823529412,MALE,WHITE,22,TUMOR FREE,0.833333333,1,C34.1,291
4613,0.666666667,FEMALE,WHITE,22,UNKNOWN,0,1,C34.1,358
4721,0.68627451,MALE,WHITE,18,TUMOR FREE,0,0,C34.3,2754
5011,0.607843137,FEMALE,WHITE,39,TUMOR FREE,0.833333333,0,C34.9,1454
5016,0.098039216,MALE,WHITE,39,TUMOR FREE,0.833333333,0,C34.3,2253
5019,0.607843137,MALE,WHITE,39,TUMOR FREE,1,0,C34.1,1361
5021,0.607843137,MALE,WHITE,39,WITH TUMOR,0,1,C34.1,2086
5022,0.725490196,MALE,WHITE,39,TUMOR FREE,1,1,C34.1,1679
5024,0.509803922,FEMALE,WHITE,39,TUMOR FREE,1,0,C34.9,2130
5027,0.666666667,MALE,WHITE,39,TUMOR FREE,1,0,C34.3,1849
5028,0.705882353,MALE,WHITE,39,UNKNOWN,0.333333333,1,C34.1,52
5029,0.549019608,MALE,WHITE,39,WITH TUMOR,0.333333333,1,C34.3,740
5030,0.823529412,FEMALE,ASIAN,39,UNKNOWN,0.333333333,1,C34.3,59
5031,0.745098039,FEMALE,UNKNOWN,39,TUMOR FREE,0.833333333,0,C34.1,833
5034,0.666666667,FEMALE,WHITE,39,UNKNOWN,0,1,C34.1,1107
5035,0.647058824,FEMALE,WHITE,39,TUMOR FREE,0.833333333,0,C34.3,474
5036,0.666666667,MALE,WHITE,39,TUMOR FREE,0.833333333,0,C34.1,1084
5037,0.509803922,MALE,WHITE,39,TUMOR FREE,0.833333333,0,C34.3,24
5039,0.725490196,MALE,WHITE,39,TUMOR FREE,0,1,C34.1,544
5040,0.392156863,MALE,WHITE,39,WITH TUMOR,1,1,C34.1,519
5231,0.647058824,MALE,WHITE,34,TUMOR FREE,0.833333333,0,C34.1,1528
5232,0.705882353,FEMALE,BLACK OR AFRICAN AMERICAN,34,TUMOR FREE,0.833333333,0,C34.1,1575
5234,0.62745098,FEMALE,WHITE,34,TUMOR FREE,0.833333333,0,C34.1,994
5236,0.411764706,MALE,WHITE,34,WITH TUMOR,0.833333333,1,C34.1,276
5239,0.705882353,MALE,WHITE,34,WITH TUMOR,1,0,C34.1,329
5240,0.666666667,FEMALE,WHITE,34,TUMOR FREE,0.833333333,0,C34.1,235
5241,0.784313725,MALE,WHITE,34,TUMOR FREE,0,0,C34.3,428
5471,0.725490196,MALE,WHITE,22,UNKNOWN,0.833333333,0,C34.3,964
5472,0.549019608,MALE,WHITE,22,UNKNOWN,0,1,C34.3,1975
5473,0.764705882,MALE,WHITE,22,TUMOR FREE,1,1,C34.3,1933
5474,0.68627451,MALE,WHITE,22,TUMOR FREE,0,1,C34.1,445
5477,0.509803922,MALE,WHITE,22,UNKNOWN,0,1,C34.3,1346
5478,0.784313725,MALE,UNKNOWN,22,TUMOR FREE,0,1,C34.3,24
5479,0.490196078,MALE,WHITE,22,UNKNOWN,0.833333333,0,C34.3,1651
5480,0.529411765,FEMALE,WHITE,22,WITH TUMOR,0,1,C34.1,2170
5481,0.647058824,FEMALE,WHITE,22,UNKNOWN,0.666666667,1,C34.3,2409
5482,0.823529412,MALE,WHITE,22,TUMOR FREE,0,1,C34.1,357
5483,0.68627451,MALE,WHITE,22,WITH TUMOR,0,1,C34.1,573
5485,0.37254902,FEMALE,WHITE,22,WITH TUMOR,0,1,C34.1,916
5489,0.490196078,MALE,WHITE,22,WITH TUMOR,0,1,C34.1,1912
5491,0.68627451,MALE,WHITE,22,UNKNOWN,0,1,C34.3,1713
5492,0.666666667,FEMALE,UNKNOWN,22,UNKNOWN,0.333333333,1,C34.1,506
5592,0.352941176,MALE,UNKNOWN,18,TUMOR FREE,0,0,C34.1,92
5595,0.215686275,MALE,UNKNOWN,18,UNKNOWN,0,1,C34.3,827
5668,0.764705882,MALE,WHITE,43,TUMOR FREE,1,0,C34.1,258
5670,0.607843137,MALE,WHITE,43,TUMOR FREE,1,0,C34.3,549
5782,0.568627451,FEMALE,WHITE,21,UNKNOWN,0,1,C34.3,962
5783,0.725490196,MALE,WHITE,21,UNKNOWN,0.833333333,1,C34.1,2680
5784,0.803921569,FEMALE,WHITE,21,TUMOR FREE,0.833333333,0,C34.1,908
5786,0.490196078,MALE,WHITE,21,TUMOR FREE,0.833333333,0,C34.1,661
5787,0.509803922,MALE,BLACK OR AFRICAN AMERICAN,21,WITH TUMOR,0.333333333,1,C34.1,329
5819,0.509803922,MALE,WHITE,37,TUMOR FREE,1,0,C34.1,103
5897,0.68627451,MALE,WHITE,56,TUMOR FREE,1,0,C34.1,3
5898,0.588235294,MALE,WHITE,56,TUMOR FREE,1,0,C34.1,0
5927,0.607843137,FEMALE,WHITE,34,UNKNOWN,0,0,C34.3,698
5928,0.862745098,FEMALE,WHITE,34,TUMOR FREE,1,0,C34.3,169
5929,0.784313725,FEMALE,WHITE,34,TUMOR FREE,1,1,C34.1,151
6025,0.62745098,MALE,WHITE,46,TUMOR FREE,0,0,C34.3,206
6026,0.823529412,MALE,WHITE,46,TUMOR FREE,0,0,C34.3,471
6143,0.607843137,MALE,WHITE,43,TUMOR FREE,1,0,C34.3,214
6175,0.470588235,FEMALE,WHITE,85,TUMOR FREE,1,0,C34.1,0
6545,0.745098039,FEMALE,WHITE,56,TUMOR FREE,1,0,C34.1,62
6546,0.549019608,MALE,WHITE,56,TUMOR FREE,1,0,C34.1,0
6560,0.392156863,MALE,WHITE,85,WITH TUMOR,1,0,C34.1,11
6561,0.529411765,MALE,WHITE,85,TUMOR FREE,1,0,C34.1,24
6647,0.588235294,FEMALE,WHITE,43,TUMOR FREE,1,0,C34.3,183
6722,0.156862745,MALE,ASIAN,70,TUMOR FREE,0.833333333,0,C34.1,0
6723,0.509803922,MALE,ASIAN,70,TUMOR FREE,0.833333333,0,C34.1,0
6737,0.62745098,MALE,WHITE,33,WITH TUMOR,0.833333333,1,C34.1,601
6738,0.803921569,MALE,WHITE,33,TUMOR FREE,0.833333333,0,C34.1,822
6770,0.392156863,FEMALE,BLACK OR AFRICAN AMERICAN,43,TUMOR FREE,1,0,C34.1,85
6771,0.901960784,MALE,WHITE,43,WITH TUMOR,0.833333333,1,C34.1,166
6773,0.725490196,MALE,WHITE,43,TUMOR FREE,0.833333333,1,C34.2,116
6798,0.352941176,MALE,WHITE,85,TUMOR FREE,1,0,C34.1,34
6837,0.490196078,MALE,WHITE,90,TUMOR FREE,1,0,C34.8,42
6842,0.784313725,MALE,WHITE,77,UNKNOWN,0.833333333,1,C34.8,899
6843,0.68627451,MALE,WHITE,77,UNKNOWN,0.833333333,1,C34.1,2224
6844,0.68627451,MALE,WHITE,77,UNKNOWN,0.833333333,1,C34.3,2284
6845,0.588235294,MALE,WHITE,77,UNKNOWN,0.833333333,1,C34.2,708
6867,0.647058824,FEMALE,WHITE,51,WITH TUMOR,0.833333333,1,C34.1,1856
7033,0.666666667,MALE,WHITE,94,UNKNOWN,1,0,C34.3,87
7107,0.607843137,MALE,WHITE,34,UNKNOWN,1,1,C34.3,34
7138,0.549019608,MALE,UNKNOWN,77,UNKNOWN,0.833333333,1,C34.3,340
7139,0.333333333,MALE,WHITE,77,UNKNOWN,0.833333333,0,C34.3,2737
7140,0.588235294,FEMALE,WHITE,77,UNKNOWN,0.833333333,1,C34.1,632
7141,0.490196078,MALE,WHITE,77,UNKNOWN,0.833333333,0,C34.1,15
7142,0.392156863,FEMALE,WHITE,77,TUMOR FREE,0.833333333,0,C34.1,1286
7221,0.784313725,MALE,WHITE,56,TUMOR FREE,1,0,C34.3,30
7222,0.411764706,MALE,WHITE,56,TUMOR FREE,1,0,C34.1,13
7223,0.529411765,MALE,WHITE,56,TUMOR FREE,1,0,C34.8,30
7335,0.450980392,FEMALE,WHITE,77,UNKNOWN,0.833333333,1,C34.9,2133
7337,0.509803922,MALE,WHITE,77,UNKNOWN,0.833333333,1,C34.9,3253
7338,0.490196078,MALE,WHITE,77,UNKNOWN,0.833333333,1,C34.1,5
7340,0.117647059,FEMALE,WHITE,92,WITH TUMOR,1,0,C34.1,82
7341,0.62745098,MALE,WHITE,92,WITH TUMOR,1,0,C34.1,106
7454,0.666666667,MALE,WHITE,98,TUMOR FREE,1,0,C34.1,115
7463,0.705882353,MALE,WHITE,77,UNKNOWN,0.833333333,1,C34.1,1423
7465,0.392156863,MALE,WHITE,77,UNKNOWN,1,0,C34.1,479
7544,0.862745098,MALE,WHITE,96,TUMOR FREE,0.833333333,0,C34.3,1213
7545,0.666666667,MALE,WHITE,96,UNKNOWN,0.833333333,0,C34.3,1324
7557,0.666666667,MALE,BLACK OR AFRICAN AMERICAN,94,UNKNOWN,1,1,C34.1,5
7579,0.450980392,MALE,WHITE,56,TUMOR FREE,1,0,C34.1,44
7580,0.882352941,MALE,WHITE,56,TUMOR FREE,1,0,C34.3,40
7582,0.882352941,MALE,WHITE,56,TUMOR FREE,1,0,C34.3,26
7622,0.450980392,FEMALE,WHITE,52,TUMOR FREE,1,0,C34.3,541
7656,0.62745098,MALE,WHITE,43,TUMOR FREE,1,0,C34.3,212
7657,0.568627451,FEMALE,WHITE,43,UNKNOWN,1,0,C34.1,48
7658,0.705882353,FEMALE,WHITE,43,TUMOR FREE,0.833333333,0,C34.1,2023
7696,0.490196078,MALE,WHITE,85,TUMOR FREE,1,0,C34.1,18
7697,0.196078431,MALE,WHITE,85,TUMOR FREE,1,0,C34.1,10
7698,0.176470588,MALE,WHITE,85,TUMOR FREE,1,0,C34.1,49
7699,0.666666667,MALE,WHITE,85,TUMOR FREE,1,0,C34.1,1
7710,0.392156863,FEMALE,WHITE,85,TUMOR FREE,1,0,C34.1,0
7730,0.666666667,MALE,WHITE,56,WITH TUMOR,1,0,C34.1,6
7731,0.529411765,FEMALE,WHITE,56,TUMOR FREE,1,0,C34.1,0
7755,0.411764706,FEMALE,WHITE,68,TUMOR FREE,1,0,C34.3,83
7756,0.882352941,MALE,WHITE,68,UNKNOWN,1,0,C34.1,202
7757,0.68627451,MALE,WHITE,68,UNKNOWN,1,0,C34.1,211
7766,0.529411765,FEMALE,WHITE,90,TUMOR FREE,1,0,C34.1,47
7767,0.333333333,MALE,WHITE,90,TUMOR FREE,1,0,C34.1,89
7769,0.31372549,MALE,WHITE,90,TUMOR FREE,1,0,C34.9,18
7809,0.68627451,MALE,WHITE,52,WITH TUMOR,0.833333333,1,C34.1,166
7810,0.411764706,FEMALE,WHITE,52,TUMOR FREE,0.833333333,0,C34.8,923
7811,0.549019608,MALE,WHITE,52,WITH TUMOR,0.833333333,1,C34.3,266
7812,0.568627451,MALE,WHITE,52,WITH TUMOR,0.833333333,1,C34.9,835
7822,0.725490196,MALE,BLACK OR AFRICAN AMERICAN,56,WITH TUMOR,1,0,C34.1,1
7823,0.37254902,FEMALE,WHITE,56,WITH TUMOR,1,0,C34.1,77
7843,0.215686275,MALE,WHITE,85,UNKNOWN,1,0,C34.1,35
7844,0.62745098,MALE,WHITE,85,TUMOR FREE,1,0,C34.1,38
7943,0.803921569,MALE,WHITE,94,UNKNOWN,1,0,C34.3,143
7950,0.137254902,MALE,WHITE,85,WITH TUMOR,1,0,C34.1,60
7964,0.607843137,MALE,WHITE,90,TUMOR FREE,1,0,C34.1,100
8007,0.568627451,MALE,UNKNOWN,77,UNKNOWN,0.833333333,1,C34.1,198
8008,0.568627451,MALE,UNKNOWN,77,UNKNOWN,0.833333333,1,C34.3,2639
8009,0.568627451,MALE,UNKNOWN,77,UNKNOWN,0.833333333,0,C34.9,1641
8020,0.333333333,FEMALE,BLACK OR AFRICAN AMERICAN,98,WITH TUMOR,1,1,C34.1,84
8021,0.705882353,FEMALE,WHITE,98,TUMOR FREE,1,0,C34.1,413
8022,0.431372549,MALE,WHITE,98,TUMOR FREE,1,0,C34.1,224
8023,0.607843137,MALE,WHITE,98,TUMOR FREE,1,0,C34.9,308
8035,0.490196078,MALE,WHITE,94,TUMOR FREE,1,0,C34.1,111
8048,0.450980392,MALE,WHITE,85,TUMOR FREE,1,0,C34.3,26
8049,0.352941176,MALE,WHITE,85,TUMOR FREE,1,0,C34.3,60
8052,0.274509804,MALE,WHITE,85,TUMOR FREE,1,0,C34.1,16
8063,0.254901961,MALE,WHITE,92,TUMOR FREE,1,0,C34.1,122
8064,0.37254902,MALE,WHITE,92,TUMOR FREE,1,0,C34.1,160
8065,0.68627451,FEMALE,WHITE,92,TUMOR FREE,1,0,C34.3,70
8070,0.62745098,MALE,WHITE,85,WITH TUMOR,1,0,C34.1,43
8071,0.254901961,MALE,WHITE,85,TUMOR FREE,1,0,C34.1,14
8072,0.411764706,MALE,WHITE,85,TUMOR FREE,1,0,C34.1,36
8082,0.803921569,FEMALE,WHITE,56,TUMOR FREE,1,0,C34.3,26
8083,0.333333333,MALE,WHITE,56,TUMOR FREE,1,0,C34.1,2
8115,0.647058824,FEMALE,WHITE,43,TUMOR FREE,1,0,C34.3,202
8116,0.666666667,MALE,WHITE,43,TUMOR FREE,1,0,C34.1,193
8118,0.31372549,FEMALE,WHITE,43,UNKNOWN,1,1,C34.1,89
8128,0.411764706,MALE,UNKNOWN,77,UNKNOWN,0.833333333,1,C34.9,1150
8130,0.588235294,MALE,UNKNOWN,77,TUMOR FREE,0.833333333,0,C34.1,2522
8131,0.647058824,MALE,UNKNOWN,77,UNKNOWN,0.833333333,1,C34.3,383
8133,0.68627451,MALE,UNKNOWN,77,UNKNOWN,0.833333333,1,C34.9,1640
8136,0.68627451,FEMALE,UNKNOWN,77,UNKNOWN,0.833333333,1,C34.3,1189
8138,0.68627451,MALE,UNKNOWN,77,WITH TUMOR,0.833333333,1,C34.1,539
8139,0.647058824,MALE,UNKNOWN,77,TUMOR FREE,0.833333333,0,C34.1,3166
8140,0.529411765,FEMALE,UNKNOWN,77,UNKNOWN,0.833333333,1,C34.3,351
8143,0.725490196,MALE,UNKNOWN,77,WITH TUMOR,0.833333333,1,C34.1,803
8144,0.607843137,MALE,UNKNOWN,77,UNKNOWN,0.833333333,0,C34.1,833
8145,0.666666667,MALE,UNKNOWN,77,UNKNOWN,0.833333333,1,C34.9,212
8146,0.647058824,MALE,UNKNOWN,77,UNKNOWN,0.833333333,0,C34.1,2183
8148,0.568627451,MALE,UNKNOWN,77,UNKNOWN,0.833333333,0,C34.9,293
8150,0.490196078,MALE,UNKNOWN,77,WITH TUMOR,0.833333333,1,C34.9,1655
8153,0.745098039,FEMALE,UNKNOWN,77,TUMOR FREE,0.833333333,0,C34.3,1684
8154,0.549019608,MALE,UNKNOWN,77,TUMOR FREE,0.833333333,0,C34.3,1092
8156,0.411764706,MALE,UNKNOWN,77,UNKNOWN,1,0,C34.1,10
8169,0.549019608,FEMALE,WHITE,96,TUMOR FREE,1,0,C34.3,189
8170,0.705882353,FEMALE,WHITE,96,TUMOR FREE,1,0,C34.3,211
8201,0.68627451,MALE,WHITE,56,TUMOR FREE,1,0,C34.1,28
8250,0.529411765,MALE,BLACK OR AFRICAN AMERICAN,68,TUMOR FREE,1,0,C34.1,244
8251,0.764705882,MALE,WHITE,68,WITH TUMOR,1,0,C34.1,96
8276,0.450980392,MALE,WHITE,85,TUMOR FREE,1,0,C34.1,13
8277,0.607843137,MALE,WHITE,85,TUMOR FREE,1,0,C34.1,11
8287,0.647058824,MALE,WHITE,85,TUMOR FREE,1,0,C34.1,13
8288,0.607843137,MALE,WHITE,85,TUMOR FREE,1,0,C34.2,54
8304,0.666666667,FEMALE,WHITE,56,TUMOR FREE,1,0,C34.1,106
8305,0.647058824,MALE,WHITE,56,TUMOR FREE,1,0,C34.1,105
8307,0.31372549,FEMALE,WHITE,56,TUMOR FREE,1,0,C34.3,27
8308,0.784313725,MALE,WHITE,56,UNKNOWN,1,0,C34.1,217
8309,0.529411765,MALE,WHITE,56,TUMOR FREE,1,0,C34.3,18
8350,0.431372549,MALE,WHITE,85,TUMOR FREE,1,0,C34.1,60
8351,0.647058824,MALE,WHITE,85,TUMOR FREE,1,0,C34.3,55
8352,0.549019608,MALE,WHITE,85,TUMOR FREE,1,0,C34.1,67
8353,0.647058824,MALE,WHITE,85,WITH TUMOR,1,0,C34.3,54
8354,0.274509804,MALE,WHITE,85,TUMOR FREE,1,0,C34.3,61
8355,0.470588235,MALE,WHITE,85,TUMOR FREE,1,0,C34.1,20
8386,0.705882353,MALE,UNKNOWN,58,TUMOR FREE,0.833333333,1,C34.1,1
8387,0.411764706,MALE,WHITE,58,TUMOR FREE,1,1,C34.3,403
8388,0.411764706,MALE,WHITE,58,TUMOR FREE,1,0,C34.1,378
8390,0.607843137,MALE,WHITE,58,TUMOR FREE,1,0,C34.3,272
8391,0.352941176,FEMALE,WHITE,58,TUMOR FREE,0.833333333,0,C34.9,1342
8392,0.607843137,MALE,WHITE,58,WITH TUMOR,1,1,C34.1,501
8393,0.568627451,FEMALE,WHITE,58,TUMOR FREE,1,0,C34.3,20
8454,0.450980392,FEMALE,WHITE,34,TUMOR FREE,1,0,C34.3,166
8455,0.549019608,MALE,WHITE,34,WITH TUMOR,1,1,C34.1,123
8456,0.62745098,FEMALE,WHITE,34,TUMOR FREE,1,0,C34.3,203
8479,0.529411765,MALE,WHITE,85,TUMOR FREE,1,0,C34.3,22
8481,0.607843137,MALE,WHITE,85,TUMOR FREE,1,0,C34.1,21
8490,0.607843137,MALE,WHITE,94,TUMOR FREE,1,0,C34.1,153
8491,0.666666667,MALE,WHITE,94,TUMOR FREE,1,0,C34.3,31
8503,0.725490196,FEMALE,WHITE,56,TUMOR FREE,1,0,C34.3,41
8504,0.68627451,MALE,WHITE,56,TUMOR FREE,1,0,C34.1,178
8580,0.254901961,FEMALE,WHITE,85,TUMOR FREE,1,0,C34.3,28
8582,0.196078431,MALE,WHITE,85,TUMOR FREE,1,0,C34.1,4
8584,0.62745098,MALE,WHITE,85,TUMOR FREE,1,0,C34.1,0
8622,0.568627451,MALE,WHITE,56,TUMOR FREE,1,0,C34.3,55
8623,0.62745098,MALE,WHITE,56,UNKNOWN,1,0,C34.1,6
8624,0.882352941,MALE,WHITE,56,TUMOR FREE,1,0,C34.3,36
8625,0.529411765,FEMALE,WHITE,56,UNKNOWN,1,0,C34.3,63
8626,0.411764706,MALE,WHITE,56,TUMOR FREE,1,0,C34.1,17
8628,0.764705882,MALE,WHITE,56,TUMOR FREE,1,0,C34.1,16
8629,0.470588235,MALE,WHITE,56,TUMOR FREE,1,0,C34.3,34
8664,0.666666667,MALE,WHITE,85,TUMOR FREE,1,0,C34.1,3
8666,0.509803922,MALE,WHITE,85,TUMOR FREE,1,0,C34.1,14
A446,0.588235294,MALE,WHITE,LA,TUMOR FREE,1,0,C34.3,36
A46J,0.490196078,MALE,WHITE,58,TUMOR FREE,0.833333333,0,C34.3,1973
A46K,0.392156863,MALE,WHITE,58,WITH TUMOR,0.833333333,1,C34.3,1045
A46L,0.666666667,MALE,WHITE,58,TUMOR FREE,0.833333333,0,C34.1,1113
A46M,0.431372549,MALE,WHITE,58,TUMOR FREE,1,0,C34.3,707
A46N,0.254901961,MALE,WHITE,58,TUMOR FREE,1,0,C34.3,540
A474,0.529411765,MALE,WHITE,43,TUMOR FREE,1,0,C34.1,262
A475,0.549019608,FEMALE,WHITE,43,TUMOR FREE,1,0,C34.1,206
A49D,0.549019608,MALE,WHITE,56,UNKNOWN,1,0,C34.1,38
A4AH,0.607843137,MALE,WHITE,J1,TUMOR FREE,1,0,C34.3,222
A4BW,0.31372549,MALE,WHITE,56,UNKNOWN,1,0,C34.1,2
A4BX,0.607843137,MALE,WHITE,56,TUMOR FREE,1,0,C34.3,46
A4BY,0.529411765,MALE,WHITE,56,TUMOR FREE,1,0,C34.1,31
A4CL,0.509803922,MALE,WHITE,85,TUMOR FREE,1,0,C34.3,15
A4CN,0.333333333,FEMALE,WHITE,85,TUMOR FREE,1,0,C34.3,6
A4E7,0.62745098,MALE,WHITE,L3,TUMOR FREE,1,0,C34.3,35
A4ED,0.588235294,MALE,WHITE,90,TUMOR FREE,1,0,C34.1,244
A4EE,0.274509804,MALE,WHITE,90,TUMOR FREE,1,0,C34.9,331
A4JB,0.68627451,MALE,WHITE,85,TUMOR FREE,1,0,C34.1,0
A4JC,0.882352941,MALE,WHITE,85,TUMOR FREE,1,0,C34.1,0
A4JK,0.509803922,MALE,WHITE,96,TUMOR FREE,1,0,C34.1,273
A4JL,0.764705882,FEMALE,ASIAN,96,TUMOR FREE,1,0,C34.3,183
A4PA,0.431372549,MALE,WHITE,85,TUMOR FREE,1,0,C34.3,0
A4QQ,0.568627451,MALE,WHITE,85,TUMOR FREE,1,0,C34.3,0
A4QR,0.549019608,MALE,WHITE,85,TUMOR FREE,1,0,C34.1,25
A4VJ,0.62745098,FEMALE,WHITE,94,TUMOR FREE,1,0,C34.9,43
A4WN,0.431372549,MALE,WHITE,33,TUMOR FREE,1,1,C34.1,143
A4ZJ,0.705882353,FEMALE,WHITE,56,TUMOR FREE,1,0,C34.3,25
A4ZK,0.725490196,FEMALE,WHITE,56,WITH TUMOR,1,0,C34.3,4
A50M,0.156862745,MALE,ASIAN,85,TUMOR FREE,1,0,C34.1,19
A50Z,0.352941176,MALE,WHITE,85,TUMOR FREE,1,0,C34.1,0
A510,0.68627451,FEMALE,WHITE,85,TUMOR FREE,1,0,C34.3,0
A511,0.450980392,MALE,WHITE,85,TUMOR FREE,1,0,C34.3,0
A512,0.137254902,MALE,WHITE,85,TUMOR FREE,1,0,C34.3,0
A513,0.411764706,FEMALE,ASIAN,85,TUMOR FREE,1,0,C34.1,24
A522,0.294117647,MALE,WHITE,MF,UNKNOWN,1,0,C34.1,83
A524,0.117647059,FEMALE,WHITE,L3,TUMOR FREE,1,0,C34.1,449
A52N,0.764705882,MALE,WHITE,O2,TUMOR FREE,0.833333333,1,C34.1,1006
A52Q,0.117647059,FEMALE,WHITE,O2,WITH TUMOR,0.833333333,1,C34.1,113
A52S,0.37254902,FEMALE,WHITE,O2,WITH TUMOR,0.833333333,1,C34.3,387
A52V,0.705882353,FEMALE,BLACK OR AFRICAN AMERICAN,O2,TUMOR FREE,0.833333333,1,C34.1,1335
A52W,0.470588235,MALE,BLACK OR AFRICAN AMERICAN,O2,TUMOR FREE,0.833333333,1,C34.2,261
A538,0.549019608,MALE,WHITE,98,TUMOR FREE,1,0,C34.1,120
A539,0.470588235,MALE,WHITE,98,UNKNOWN,1,0,C34.1,118
A53A,0.607843137,MALE,BLACK OR AFRICAN AMERICAN,98,UNKNOWN,1,0,C34.2,274
A53B,0.588235294,MALE,WHITE,98,TUMOR FREE,1,1,C34.1,61
A53C,0.745098039,FEMALE,WHITE,98,TUMOR FREE,1,0,C34.3,311
A53D,0.568627451,MALE,WHITE,98,TUMOR FREE,1,0,C34.1,22
A53H,0.725490196,FEMALE,WHITE,98,UNKNOWN,1,0,C34.1,169
A53I,0.490196078,MALE,WHITE,98,UNKNOWN,1,0,C34.1,99
A53J,0.764705882,MALE,WHITE,98,TUMOR FREE,1,0,C34.1,159
A53L,0.470588235,MALE,ASIAN,85,TUMOR FREE,1,0,C34.2,13
A56U,0.725490196,FEMALE,WHITE,43,TUMOR FREE,1,0,C34.1,55
A56V,0.431372549,MALE,BLACK OR AFRICAN AMERICAN,43,TUMOR FREE,1,0,C34.2,154
A59I,0.666666667,FEMALE,BLACK OR AFRICAN AMERICAN,68,TUMOR FREE,1,0,C34.3,121
A59J,0.68627451,FEMALE,WHITE,68,TUMOR FREE,1,0,C34.3,104
A59Q,0.431372549,FEMALE,WHITE,90,TUMOR FREE,1,0,C34.1,269
A5B5,0.37254902,MALE,WHITE,85,TUMOR FREE,1,0,C34.1,111
A5C4,0.607843137,MALE,WHITE,22,TUMOR FREE,1,0,C34.3,29
A5CR,0.745098039,MALE,UNKNOWN,NK,TUMOR FREE,0.833333333,0,C34.1,2178
A5CT,0.607843137,MALE,WHITE,NK,TUMOR FREE,0.833333333,0,C34.3,1761
A5CX,0.666666667,MALE,WHITE,NK,TUMOR FREE,1,0,C34.3,111
A5D1,0.352941176,MALE,WHITE,NK,WITH TUMOR,1,0,C34.1,511
A5DI,0.745098039,MALE,WHITE,21,UNKNOWN,0.833333333,0,C34.3,979
A5DR,0.823529412,MALE,WHITE,56,TUMOR FREE,1,0,C34.1,4
A5DS,0.647058824,FEMALE,WHITE,56,TUMOR FREE,1,0,C34.3,8
A5EL,0.274509804,MALE,WHITE,37,TUMOR FREE,1,0,C34.1,454
A5EM,0.196078431,MALE,WHITE,37,TUMOR FREE,1,0,C34.1,112
A5EN,0.392156863,MALE,WHITE,37,TUMOR FREE,1,0,C34.2,356
A5FZ,0.490196078,MALE,UNKNOWN,77,UNKNOWN,0.833333333,1,C34.1,3838
A5G1,0.705882353,MALE,UNKNOWN,77,UNKNOWN,0.833333333,0,C34.3,3714
A5G3,0.470588235,MALE,UNKNOWN,77,TUMOR FREE,0.833333333,0,C34.1,3576
A5G6,0.529411765,MALE,UNKNOWN,77,WITH TUMOR,0.833333333,1,C34.1,678
A5G7,0.470588235,MALE,UNKNOWN,77,UNKNOWN,0.833333333,1,C34.1,180
A5G8,0.62745098,MALE,UNKNOWN,77,UNKNOWN,0.833333333,0,C34.1,1290
A5GA,0.725490196,MALE,UNKNOWN,77,UNKNOWN,1,0,C34.1,36
A5GB,1,MALE,UNKNOWN,77,UNKNOWN,1,1,C34.1,0
A5GF,0.607843137,MALE,UNKNOWN,77,WITH TUMOR,1,0,C34.3,722
A5GH,0.823529412,MALE,UNKNOWN,77,UNKNOWN,1,0,C34.3,713
A5GW,0.549019608,MALE,WHITE,33,TUMOR FREE,1,0,C34.3,9
A5HD,0.784313725,MALE,WHITE,NC,TUMOR FREE,0.833333333,1,C34.1,2
A5HE,0.411764706,MALE,WHITE,NC,TUMOR FREE,0.833333333,0,C34.1,1722
A5HF,0.68627451,MALE,WHITE,NC,WITH TUMOR,0.833333333,1,C34.3,138
A5HG,0.392156863,MALE,WHITE,NC,TUMOR FREE,0.833333333,0,C34.3,1548
A5HH,0.274509804,MALE,WHITE,NC,TUMOR FREE,0.833333333,0,C34.3,37
A5HI,0.568627451,FEMALE,WHITE,NC,TUMOR FREE,0.833333333,0,C34.3,1135
A5HJ,0.392156863,MALE,WHITE,NC,WITH TUMOR,0.833333333,1,C34.2,418
A5HK,0.37254902,FEMALE,WHITE,NC,TUMOR FREE,1,0,C34.8,128
A5HL,0.666666667,MALE,WHITE,NC,TUMOR FREE,1,1,C34.1,88
A5HM,0.725490196,MALE,WHITE,NC,TUMOR FREE,1,0,C34.1,29
A5HN,0.745098039,MALE,WHITE,NC,TUMOR FREE,1,0,C34.3,894
A5HO,0.607843137,FEMALE,WHITE,NC,TUMOR FREE,1,0,C34.1,789
A5HP,0.588235294,MALE,WHITE,NC,WITH TUMOR,1,0,C34.1,730
A5HQ,0.607843137,MALE,WHITE,NC,UNKNOWN,1,1,C34.2,448
A5HR,0.705882353,FEMALE,WHITE,NC,TUMOR FREE,1,0,C34.3,623
A5HT,0.588235294,MALE,WHITE,NC,WITH TUMOR,1,0,C34.8,419
A5I4,0.431372549,MALE,WHITE,94,TUMOR FREE,1,0,C34.0,155
A5I6,0.450980392,MALE,WHITE,94,TUMOR FREE,1,0,C34.3,185
A5IB,0.62745098,FEMALE,WHITE,O2,WITH TUMOR,0.833333333,1,C34.2,340
A5IX,0.803921569,MALE,WHITE,34,TUMOR FREE,1,0,C34.3,636
A5MB,0.450980392,MALE,UNKNOWN,63,TUMOR FREE,0.833333333,0,C34.1,2758
A5MG,0.568627451,MALE,UNKNOWN,63,TUMOR FREE,0.833333333,0,C34.3,1769
A5MH,0.568627451,MALE,UNKNOWN,63,TUMOR FREE,0.833333333,0,C34.3,1772
A5MI,0.509803922,MALE,UNKNOWN,63,TUMOR FREE,0.833333333,0,C34.3,1399
A5MJ,0.294117647,MALE,UNKNOWN,63,TUMOR FREE,0.833333333,0,C34.9,1524
A5ML,0.568627451,MALE,UNKNOWN,63,TUMOR FREE,0.833333333,0,C34.3,1163
A5MM,0.588235294,FEMALE,UNKNOWN,63,WITH TUMOR,0.833333333,1,C34.8,456
A5MN,0.764705882,FEMALE,UNKNOWN,63,WITH TUMOR,0.833333333,1,C34.1,345
A5MP,0.352941176,MALE,UNKNOWN,63,WITH TUMOR,0.833333333,0,C34.3,769
A5MR,0.607843137,FEMALE,UNKNOWN,63,TUMOR FREE,0.833333333,0,C34.1,2367
A5MS,0.764705882,MALE,UNKNOWN,63,TUMOR FREE,0.833333333,0,C34.1,2025
A5MT,0.68627451,MALE,UNKNOWN,63,WITH TUMOR,1,0,C34.1,498
A5MU,0.176470588,MALE,UNKNOWN,63,WITH TUMOR,1,1,C34.3,0
A5MV,0.588235294,MALE,UNKNOWN,63,TUMOR FREE,1,0,C34.3,787
A5MW,0.725490196,MALE,UNKNOWN,63,TUMOR FREE,0.833333333,0,C34.1,140
A5MY,0.470588235,MALE,UNKNOWN,63,TUMOR FREE,1,0,C34.3,6
A62T,0.764705882,MALE,BLACK OR AFRICAN AMERICAN,56,WITH TUMOR,1,0,C34.1,5
A7SW,0.62745098,MALE,BLACK OR AFRICAN AMERICAN,LA,UNKNOWN,1,0,C34.3,146
A7XE,0.529411765,MALE,BLACK OR AFRICAN AMERICAN,NK,TUMOR FREE,1,0,C34.1,13
AA0X,0.745098039,FEMALE,BLACK OR AFRICAN AMERICAN,XC,TUMOR FREE,1,1,C34.3,6
AAS8,0.392156863,FEMALE,BLACK OR AFRICAN AMERICAN,33,TUMOR FREE,0.666666667,1,C34.1,1114
AASB,0.529411765,MALE,BLACK OR AFRICAN AMERICAN,33,WITH TUMOR,0.666666667,1,C34.1,211
AASD,0.862745098,MALE,BLACK OR AFRICAN AMERICAN,33,WITH TUMOR,0.666666667,1,C34.3,2249
AASI,0.509803922,FEMALE,BLACK OR AFRICAN AMERICAN,33,WITH TUMOR,0.833333333,1,C34.1,1344
AASJ,0.411764706,MALE,BLACK OR AFRICAN AMERICAN,33,WITH TUMOR,0.666666667,1,C34.1,3600
AASL,0.352941176,FEMALE,BLACK OR AFRICAN AMERICAN,33,WITH TUMOR,0.666666667,1,C34.1,826