patient_id,age,gender,race_list,tissue_source_site,person_neoplasm_cancer_status,stage_event,vital_status,icd_10,real_survival_time
A4A6,0.596774194,MALE,ASIAN,LN,TUMOR FREE,0.833333333,0,C15.5,3
A4A8,0.387096774,MALE,ASIAN,LN,TUMOR FREE,0.833333333,0,C15.4,2
A4A9,0.483870968,MALE,ASIAN,LN,TUMOR FREE,1,0,C15.4,2
A4MQ,0.290322581,MALE,ASIAN,LN,TUMOR FREE,0.833333333,0,C15.5,3
A4MR,0.467741935,MALE,ASIAN,LN,TUMOR FREE,0.833333333,0,C15.9,2
A4OE,0.85483871,MALE,WHITE,L5,UNKNOWN,1,0,C15.5,107
A4OF,0.564516129,MALE,WHITE,L5,UNKNOWN,1,0,C15.5,112
A4OG,0.822580645,FEMALE,WHITE,L5,UNKNOWN,1,0,C15.5,102
A4OH,0.693548387,MALE,WHITE,L5,TUMOR FREE,1,0,C15.5,593
A4OI,0.822580645,MALE,WHITE,L5,WITH TUMOR,1,0,C15.5,267
A4OJ,0.677419355,FEMALE,WHITE,L5,TUMOR FREE,1,0,C15.5,195
A4OM,0.419354839,FEMALE,WHITE,L5,TUMOR FREE,1,0,C15.5,124
A4ON,0.596774194,MALE,WHITE,L5,TUMOR FREE,1,1,C15.5,558
A4OO,0.774193548,MALE,WHITE,L5,UNKNOWN,1,0,C15.5,101
A4OP,0.64516129,FEMALE,WHITE,L5,TUMOR FREE,1,0,C15.5,218
A4OQ,0.758064516,MALE,WHITE,L5,WITH TUMOR,1,1,C15.5,42
A4OR,0.887096774,MALE,WHITE,L5,TUMOR FREE,1,1,C15.5,96
A4OS,0.935483871,FEMALE,WHITE,L5,TUMOR FREE,1,0,C15.5,935
A4OT,0.790322581,MALE,WHITE,L5,WITH TUMOR,0.833333333,1,C15.5,149
A4OU,0.85483871,MALE,WHITE,L5,TUMOR FREE,0.833333333,0,C15.5,882
A4OW,0.451612903,FEMALE,WHITE,L5,TUMOR FREE,0.833333333,1,C15.5,217
A4OX,0.516129032,MALE,WHITE,L5,TUMOR FREE,0.833333333,1,C15.5,226
A4P3,0.322580645,MALE,WHITE,IG,WITH TUMOR,1,0,C15.4,1
A4QS,0.693548387,MALE,WHITE,IG,TUMOR FREE,1,0,C15.9,8
A4QT,0.451612903,MALE,WHITE,IG,TUMOR FREE,1,0,C15.9,30
A50L,0.483870968,MALE,ASIAN,IG,TUMOR FREE,1,0,C15.5,16
A51D,0.564516129,MALE,WHITE,IG,TUMOR FREE,1,0,C15.3,0
A56G,0.612903226,MALE,BLACK OR AFRICAN AMERICAN,L7,UNKNOWN,1,0,C15.5,245
A5B8,0.709677419,MALE,WHITE,IG,TUMOR FREE,1,1,C15.9,24
A5M8,0.483870968,MALE,WHITE,M9,TUMOR FREE,1,0,C15.5,536
A5S3,0.661290323,FEMALE,WHITE,IG,TUMOR FREE,1,0,C15.9,0
A5U5,0.467741935,MALE,ASIAN,LN,WITH TUMOR,0.833333333,0,C15.5,5
A5U6,0.419354839,MALE,ASIAN,LN,TUMOR FREE,0.833333333,0,C15.5,6
A5U7,0.290322581,MALE,ASIAN,LN,TUMOR FREE,0.833333333,0,C15.4,36
A625,0.516129032,MALE,ASIAN,IG,TUMOR FREE,1,0,C15.5,11
A6BV,0.790322581,MALE,WHITE,S8,UNKNOWN,1,0,C15.5,267
A6BW,0.370967742,MALE,WHITE,S8,TUMOR FREE,1,0,C15.9,426
A6DN,0.483870968,MALE,WHITE,R6,WITH TUMOR,1,1,C15.4,243
A6DQ,0.741935484,FEMALE,WHITE,R6,WITH TUMOR,1,1,C15.5,231
A6F8,0.451612903,MALE,WHITE,JY,TUMOR FREE,0.833333333,0,C15.5,3714
A6FA,0.370967742,MALE,ASIAN,JY,WITH TUMOR,0.833333333,1,C15.5,1361
A6FB,0.790322581,MALE,WHITE,JY,TUMOR FREE,0.833333333,0,C15.5,1837
A6FD,0.370967742,FEMALE,ASIAN,JY,TUMOR FREE,0.833333333,0,C15.5,1638
A6FE,0.338709677,MALE,WHITE,JY,WITH TUMOR,0.833333333,1,C15.5,112
A6FG,0.35483871,MALE,WHITE,JY,TUMOR FREE,0.833333333,1,C16.0,1263
A6FH,0.403225806,MALE,WHITE,JY,TUMOR FREE,1,0,C15.5,1098
A6FU,0.467741935,FEMALE,WHITE,Q9,WITH TUMOR,1,1,C15.5,157
A6FW,0.532258065,MALE,WHITE,Q9,TUMOR FREE,1,0,C15.5,115
A6KZ,0.225806452,MALE,WHITE,R6,WITH TUMOR,1,1,C15.5,154
A6L4,0,MALE,WHITE,R6,WITH TUMOR,1,0,C15.5,447
A6L6,0.64516129,MALE,WHITE,R6,WITH TUMOR,1,1,C15.5,214
A6QS,0.419354839,MALE,WHITE,IG,TUMOR FREE,1,0,C15.5,4
A6RE,0.5,MALE,WHITE,IC,WITH TUMOR,1,0,C15.5,234
A6RF,0.661290323,FEMALE,WHITE,IC,TUMOR FREE,1,0,C15.5,189
A6VZ,0.548387097,MALE,WHITE,L7,TUMOR FREE,1,0,C15.4,266
A6WC,0.870967742,MALE,WHITE,KH,TUMOR FREE,1,0,C15.4,189
A6XG,0.580645161,MALE,WHITE,R6,WITH TUMOR,1,0,C15.5,900
A6XQ,0.483870968,MALE,WHITE,R6,WITH TUMOR,0.833333333,1,C15.5,193
A6Y0,0.419354839,MALE,WHITE,R6,WITH TUMOR,0.833333333,0,C15.5,1641
A6Y2,0.693548387,MALE,WHITE,R6,WITH TUMOR,0.833333333,1,C15.5,283
A7BO,0.709677419,FEMALE,WHITE,RE,TUMOR FREE,0.833333333,1,C15.5,213
A7DP,0.35483871,FEMALE,WHITE,IG,TUMOR FREE,1,0,C15.5,34
A7HV,0.483870968,MALE,ASIAN,LN,TUMOR FREE,0.833333333,0,C15.4,0
A7HW,0.5,MALE,ASIAN,LN,TUMOR FREE,0.833333333,0,C15.4,0
A7HX,0.709677419,MALE,ASIAN,LN,TUMOR FREE,0.833333333,0,C15.4,0
A7HY,0.35483871,MALE,ASIAN,LN,TUMOR FREE,0.833333333,0,C15.3,0
A7HZ,0.338709677,MALE,ASIAN,LN,TUMOR FREE,0.833333333,0,C15.3,0
A7RB,0.5,MALE,WHITE,V5,TUMOR FREE,1,1,C15.5,161
A7RC,0.435483871,MALE,BLACK OR AFRICAN AMERICAN,V5,WITH TUMOR,1,1,C15.4,104
A7RE,0.274193548,MALE,WHITE,V5,TUMOR FREE,1,0,C15.4,146
A88S,0.903225806,MALE,WHITE,L5,TUMOR FREE,1,0,C15.5,211
A88T,0.935483871,MALE,WHITE,L5,TUMOR FREE,1,0,C15.5,265
A88V,0.516129032,MALE,WHITE,L5,TUMOR FREE,0.833333333,0,C15.5,79
A88W,0.629032258,MALE,WHITE,L5,WITH TUMOR,0.833333333,1,C15.5,764
A88Y,0.774193548,MALE,WHITE,L5,UNKNOWN,0.833333333,0,C15.5,11
A88Z,0.677419355,FEMALE,WHITE,L5,TUMOR FREE,0.833333333,0,C15.4,225
A891,0.370967742,MALE,WHITE,L5,TUMOR FREE,0.833333333,0,C15.5,114
A893,0.693548387,FEMALE,WHITE,L5,TUMOR FREE,0.833333333,0,C15.5,92
A8EO,0.338709677,MALE,WHITE,VR,TUMOR FREE,1,0,C15.5,509
A8EP,0.370967742,MALE,WHITE,VR,TUMOR FREE,1,0,C15.4,474
A8EQ,0.725806452,MALE,WHITE,VR,WITH TUMOR,0.833333333,1,C15.5,694
A8ER,0.419354839,MALE,WHITE,VR,WITH TUMOR,0.833333333,1,C15.5,378
A8ET,0.580645161,MALE,WHITE,VR,TUMOR FREE,1,1,C15.5,47
A8EU,0.370967742,MALE,WHITE,VR,WITH TUMOR,1,1,C15.4,557
A8EW,0.467741935,MALE,ASIAN,VR,WITH TUMOR,1,1,C15.4,247
A8EX,0.564516129,MALE,WHITE,VR,WITH TUMOR,0.833333333,1,C15.4,855
A8EY,0.258064516,FEMALE,WHITE,VR,TUMOR FREE,1,0,C15.5,724
A8EZ,0.306451613,MALE,WHITE,VR,WITH TUMOR,1,1,C15.5,553
A8HZ,0.451612903,MALE,ASIAN,LN,TUMOR FREE,0.833333333,0,C15.4,0
A8I0,0.387096774,MALE,ASIAN,LN,TUMOR FREE,0.833333333,0,C15.5,0
A8I1,0.629032258,FEMALE,ASIAN,LN,TUMOR FREE,0.833333333,0,C15.9,0
A8JD,0.403225806,MALE,WHITE,Z6,UNKNOWN,1,0,C15.9,20
A8JE,0.467741935,MALE,WHITE,Z6,TUMOR FREE,1,0,C15.3,0
A8NE,0.790322581,MALE,WHITE,L5,TUMOR FREE,0.666666667,0,C15.5,1688
A8NF,0.467741935,MALE,WHITE,L5,TUMOR FREE,0.666666667,1,C15.5,81
A8NG,0.790322581,MALE,WHITE,L5,TUMOR FREE,0.666666667,0,C15.5,1094
A8NH,0.419354839,MALE,WHITE,L5,TUMOR FREE,0.666666667,1,C15.5,393
A8NI,0.822580645,MALE,WHITE,L5,WITH TUMOR,0.833333333,1,C15.5,410
A8NJ,0.790322581,MALE,WHITE,L5,WITH TUMOR,0.666666667,0,C15.5,501
A8NK,0.903225806,FEMALE,WHITE,L5,WITH TUMOR,0.833333333,0,C15.4,412
A8NL,0.451612903,MALE,WHITE,L5,TUMOR FREE,0.833333333,0,C15.5,402
A8NM,0.903225806,FEMALE,WHITE,L5,TUMOR FREE,0.833333333,1,C15.5,236
A8NN,0.85483871,MALE,WHITE,L5,UNKNOWN,0.833333333,0,C15.5,165
A8NQ,0.693548387,MALE,WHITE,L5,WITH TUMOR,0.666666667,1,C15.4,650
A8NR,0.85483871,FEMALE,WHITE,L5,WITH TUMOR,0.666666667,0,C15.5,265
A8NS,0.774193548,MALE,WHITE,L5,WITH TUMOR,0.666666667,0,C15.5,408
A8NT,0.661290323,MALE,WHITE,L5,WITH TUMOR,0.666666667,0,C15.5,825
A8NU,0.903225806,MALE,WHITE,L5,TUMOR FREE,0.666666667,1,C15.5,2134
A8NV,0.758064516,MALE,WHITE,L5,WITH TUMOR,0.666666667,1,C15.5,1599
A8NW,0.435483871,MALE,WHITE,L5,WITH TUMOR,0.666666667,1,C15.5,1402
A8O2,0.548387097,MALE,ASIAN,IG,TUMOR FREE,1,0,C15.5,14
A8Q7,0.516129032,MALE,WHITE,VR,TUMOR FREE,1,0,C15.5,1117
A8T6,0.419354839,MALE,BLACK OR AFRICAN AMERICAN,XP,TUMOR FREE,0.833333333,1,C15.5,763
A8T8,0.338709677,MALE,BLACK OR AFRICAN AMERICAN,XP,TUMOR FREE,1,0,C15.5,437
A8W5,0.516129032,MALE,WHITE,R6,WITH TUMOR,0.833333333,1,C15.5,480
A8W8,0.709677419,MALE,WHITE,R6,WITH TUMOR,1,1,C15.5,88
A8WC,0.467741935,MALE,WHITE,R6,WITH TUMOR,1,0,C15.5,22
A8WG,0.516129032,MALE,WHITE,R6,WITH TUMOR,1,1,C15.5,386
A938,0.758064516,MALE,WHITE,JY,WITH TUMOR,1,0,C16.0,773
A939,0.790322581,MALE,WHITE,JY,WITH TUMOR,1,0,C15.5,471
A93C,0.306451613,MALE,ASIAN,JY,WITH TUMOR,1,0,C15.5,705
A93D,0.370967742,MALE,WHITE,JY,WITH TUMOR,1,0,C15.5,769
A93E,0.532258065,MALE,WHITE,JY,WITH TUMOR,1,0,C15.5,550
A93F,0.483870968,FEMALE,WHITE,JY,TUMOR FREE,1,0,C15.5,535
A97H,0.129032258,MALE,ASIAN,IG,TUMOR FREE,1,0,C15.5,13
A97I,0.483870968,MALE,WHITE,IG,TUMOR FREE,1,0,C15.5,0
A9CJ,0.596774194,MALE,WHITE,ZR,UNKNOWN,1,0,C15.5,551
A9FO,0.225806452,MALE,ASIAN,LN,TUMOR FREE,0.833333333,0,C15.5,4
A9FP,0.516129032,FEMALE,ASIAN,LN,TUMOR FREE,0.833333333,0,C15.4,0
A9FQ,0.548387097,MALE,ASIAN,LN,TUMOR FREE,0.833333333,0,C15.4,0
A9FR,0.677419355,MALE,ASIAN,LN,TUMOR FREE,0.833333333,0,C15.3,0
A9GF,0.629032258,MALE,ASIAN,2H,WITH TUMOR,0.666666667,1,C15.5,784
A9GG,0.612903226,MALE,ASIAN,2H,WITH TUMOR,0.666666667,1,C15.5,610
A9GH,0.258064516,MALE,WHITE,2H,WITH TUMOR,0.666666667,1,C15.5,951
A9GI,0.64516129,MALE,ASIAN,2H,WITH TUMOR,0.666666667,1,C15.5,435
A9GJ,0.483870968,MALE,WHITE,2H,WITH TUMOR,0.666666667,1,C15.5,1781
A9GK,0.258064516,MALE,BLACK OR AFRICAN AMERICAN,2H,WITH TUMOR,0.666666667,1,C15.5,232
A9GL,0.741935484,MALE,WHITE,2H,WITH TUMOR,0.666666667,1,C15.5,180
A9GM,0.403225806,MALE,BLACK OR AFRICAN AMERICAN,2H,WITH TUMOR,0.666666667,1,C15.5,424
A9GN,0.677419355,MALE,ASIAN,2H,WITH TUMOR,0.666666667,1,C15.5,272
A9GO,0.483870968,MALE,WHITE,2H,WITH TUMOR,0.666666667,1,C15.5,494
A9GQ,0.838709677,MALE,WHITE,2H,WITH TUMOR,0.666666667,1,C15.5,128
A9GR,0.838709677,MALE,WHITE,2H,WITH TUMOR,0.666666667,1,C15.5,987
A9VB,0.403225806,MALE,WHITE,Z6,TUMOR FREE,1,0,C15.5,15
AA4D,0.419354839,MALE,WHITE,VR,WITH TUMOR,1,0,C15.5,1378
AA4G,0.370967742,FEMALE,WHITE,VR,TUMOR FREE,1,0,C15.4,366
AA7B,0.596774194,FEMALE,WHITE,VR,WITH TUMOR,1,0,C15.4,342
AA7D,0.483870968,MALE,WHITE,VR,WITH TUMOR,1,1,C15.4,279
AA7I,0.677419355,MALE,WHITE,VR,WITH TUMOR,1,1,C15.4,484
AAAR,0.661290323,MALE,WHITE,X8,TUMOR FREE,1,0,C15.5,309
AAPN,0.467741935,MALE,WHITE,Z6,TUMOR FREE,1,0,C15.5,18
AASV,0.629032258,MALE,BLACK OR AFRICAN AMERICAN,V5,TUMOR FREE,1,0,C15.9,258
AASW,0.709677419,MALE,WHITE,V5,WITH TUMOR,1,0,C15.9,248
AASX,0.741935484,MALE,WHITE,V5,WITH TUMOR,1,0,C15.5,135