patient_id,age,gender,race_list,tissue_source_site,person_neoplasm_cancer_status,stage_event,vital_status,icd_10,real_survival_time
3519,0.542372881,MALE,UNKNOWN,AA,UNKNOWN,0.666666667,0,C18.9,0
3520,0.93220339,FEMALE,UNKNOWN,AA,WITH TUMOR,0.666666667,0,C18.2,0
3521,0.949152542,MALE,UNKNOWN,AA,WITH TUMOR,0.666666667,0,C18.7,0
3522,0.610169492,MALE,UNKNOWN,AA,WITH TUMOR,0.833333333,0,C18.2,0
3524,0.915254237,MALE,UNKNOWN,AA,WITH TUMOR,0.666666667,0,C18.7,0
3525,1,MALE,UNKNOWN,AA,WITH TUMOR,0.833333333,0,C18.2,0
3526,0.440677966,MALE,UNKNOWN,AA,WITH TUMOR,0.833333333,0,C18.7,30
3527,1,FEMALE,UNKNOWN,AA,WITH TUMOR,0.833333333,0,C18.2,0
3529,0.796610169,FEMALE,UNKNOWN,AA,WITH TUMOR,0.833333333,1,C18.7,0
3530,0.830508475,MALE,UNKNOWN,AA,WITH TUMOR,0.833333333,0,C18.2,0
3531,0.745762712,FEMALE,UNKNOWN,AA,WITH TUMOR,0.833333333,0,C18.7,0
3532,0.542372881,MALE,UNKNOWN,AA,WITH TUMOR,0.833333333,0,C18.9,0
3534,0.796610169,FEMALE,UNKNOWN,AA,WITH TUMOR,0.833333333,0,C18.2,0
3538,0.389830508,FEMALE,UNKNOWN,AA,WITH TUMOR,0.833333333,0,C18.7,0
3542,0.644067797,MALE,UNKNOWN,AA,WITH TUMOR,0.833333333,0,C18.7,0
3543,0.898305085,MALE,UNKNOWN,AA,WITH TUMOR,0.833333333,0,C18.2,0
3544,0.627118644,MALE,UNKNOWN,AA,WITH TUMOR,0.833333333,0,C18.9,0
3548,0.677966102,FEMALE,UNKNOWN,AA,WITH TUMOR,0.833333333,0,C18.9,0
3549,0.644067797,MALE,UNKNOWN,AA,WITH TUMOR,0.833333333,0,C18.9,0
3552,0.915254237,MALE,UNKNOWN,AA,WITH TUMOR,0.833333333,0,C18.0,0
3553,0.508474576,FEMALE,UNKNOWN,AA,WITH TUMOR,0.833333333,0,C18.9,0
3554,0.525423729,FEMALE,UNKNOWN,AA,WITH TUMOR,0.833333333,0,C18.2,0
3555,0.847457627,FEMALE,UNKNOWN,AA,WITH TUMOR,0.833333333,0,C18.9,30
3556,0.796610169,MALE,UNKNOWN,AA,WITH TUMOR,0.833333333,0,C18.7,0
3560,0.694915254,FEMALE,UNKNOWN,AA,WITH TUMOR,0.833333333,0,C18.7,0
3561,0.694915254,MALE,UNKNOWN,AA,WITH TUMOR,0.833333333,0,C18.9,0
3562,0.86440678,MALE,UNKNOWN,AA,WITH TUMOR,0.833333333,0,C18.9,31
3655,0.627118644,MALE,UNKNOWN,AA,WITH TUMOR,0.666666667,0,C18.7,0
3660,0.338983051,FEMALE,UNKNOWN,AA,WITH TUMOR,0.666666667,0,C18.9,31
3662,0.830508475,FEMALE,UNKNOWN,AA,WITH TUMOR,0.666666667,0,C18.9,0
3663,0.186440678,MALE,UNKNOWN,AA,WITH TUMOR,0.666666667,0,C18.0,31
3664,0.728813559,FEMALE,UNKNOWN,AA,WITH TUMOR,0.666666667,0,C18.2,0
3666,0.627118644,MALE,UNKNOWN,AA,WITH TUMOR,0.666666667,1,C18.9,61
3667,0.084745763,FEMALE,UNKNOWN,AA,WITH TUMOR,0.666666667,0,C18.9,0
3672,1,FEMALE,UNKNOWN,AA,WITH TUMOR,0.666666667,0,C18.4,0
3673,0.372881356,FEMALE,UNKNOWN,AA,WITH TUMOR,0.666666667,0,C18.4,0
3675,0.898305085,MALE,UNKNOWN,AA,WITH TUMOR,0.666666667,0,C18.2,31
3678,0.491525424,FEMALE,UNKNOWN,AA,WITH TUMOR,0.666666667,0,C18.7,0
3679,0.474576271,MALE,UNKNOWN,AA,WITH TUMOR,0.833333333,0,C18.9,30
3680,0.610169492,FEMALE,UNKNOWN,AA,WITH TUMOR,0.833333333,0,C18.0,0
3681,0.779661017,FEMALE,UNKNOWN,AA,UNKNOWN,0.666666667,0,C18.0,0
3684,0.576271186,FEMALE,UNKNOWN,AA,WITH TUMOR,0.666666667,0,C18.0,0
3685,0.644067797,MALE,UNKNOWN,AA,WITH TUMOR,0.666666667,0,C18.9,31
3688,0.830508475,MALE,UNKNOWN,AA,WITH TUMOR,0.833333333,0,C18.9,0
3692,0.271186441,FEMALE,UNKNOWN,AA,WITH TUMOR,0.833333333,0,C18.9,0
3693,0.779661017,FEMALE,UNKNOWN,AA,WITH TUMOR,0.833333333,0,C18.7,0
3695,0.542372881,FEMALE,UNKNOWN,AA,WITH TUMOR,0.833333333,0,C18.0,0
3696,0.745762712,FEMALE,UNKNOWN,AA,WITH TUMOR,0.833333333,0,C18.7,0
3697,0.779661017,MALE,UNKNOWN,AA,WITH TUMOR,0.666666667,0,C18.9,30
3710,0.830508475,FEMALE,UNKNOWN,AA,WITH TUMOR,0.833333333,0,C18.2,31
3712,0.576271186,MALE,UNKNOWN,AA,WITH TUMOR,0.666666667,0,C18.6,0
3713,0.627118644,MALE,UNKNOWN,AA,WITH TUMOR,0.666666667,0,C18.9,30
3715,0.779661017,MALE,UNKNOWN,AA,WITH TUMOR,0.666666667,0,C18.2,30
3779,0.830508475,FEMALE,WHITE,AU,TUMOR FREE,1,0,C18.7,441
3807,0.372881356,FEMALE,WHITE,A6,TUMOR FREE,0.333333333,0,C18.7,333
3808,0.711864407,MALE,WHITE,A6,TUMOR FREE,0.166666667,0,C18.9,279
3809,0.677966102,FEMALE,WHITE,A6,TUMOR FREE,0.833333333,0,C18.9,314
3810,0.542372881,MALE,WHITE,A6,TUMOR FREE,0.166666667,0,C18.9,247
3811,0.898305085,FEMALE,UNKNOWN,AA,WITH TUMOR,0.666666667,0,C18.9,30
3812,0.86440678,FEMALE,UNKNOWN,AA,WITH TUMOR,0.833333333,0,C18.7,0
3814,0.915254237,FEMALE,UNKNOWN,AA,WITH TUMOR,0.833333333,0,C18.9,0
3815,0.576271186,FEMALE,UNKNOWN,AA,WITH TUMOR,0.833333333,0,C18.0,0
3818,0.796610169,FEMALE,UNKNOWN,AA,WITH TUMOR,0.833333333,1,C18.9,30
3819,0.169491525,FEMALE,UNKNOWN,AA,WITH TUMOR,0.833333333,0,C18.9,0
3821,0.847457627,FEMALE,UNKNOWN,AA,WITH TUMOR,0.833333333,0,C18.2,0
3831,0.593220339,MALE,UNKNOWN,AA,WITH TUMOR,0.833333333,0,C18.9,0
3833,0.542372881,FEMALE,UNKNOWN,AA,WITH TUMOR,0.833333333,0,C18.9,0
3837,0.610169492,MALE,UNKNOWN,AA,WITH TUMOR,0.833333333,0,C18.9,31
3841,0.593220339,MALE,UNKNOWN,AA,WITH TUMOR,0.833333333,0,C18.9,0
3842,0.338983051,MALE,UNKNOWN,AA,WITH TUMOR,0.833333333,0,C18.9,31
3844,0.796610169,FEMALE,UNKNOWN,AA,WITH TUMOR,0.833333333,0,C18.9,28
3845,0.93220339,FEMALE,UNKNOWN,AA,WITH TUMOR,0.833333333,1,C18.2,0
3846,0.728813559,FEMALE,UNKNOWN,AA,WITH TUMOR,0.833333333,0,C18.7,31
3848,0.86440678,FEMALE,UNKNOWN,AA,WITH TUMOR,0.833333333,0,C18.7,30
3850,0.728813559,MALE,UNKNOWN,AA,WITH TUMOR,0.833333333,1,C18.4,0
3851,0.728813559,MALE,UNKNOWN,AA,WITH TUMOR,0.833333333,0,C18.9,0
3852,0.966101695,MALE,UNKNOWN,AA,WITH TUMOR,0.833333333,1,C18.9,0
3854,0.677966102,FEMALE,UNKNOWN,AA,WITH TUMOR,0.833333333,0,C18.9,31
3855,0.694915254,MALE,UNKNOWN,AA,WITH TUMOR,0.833333333,0,C18.9,0
3856,0.474576271,MALE,UNKNOWN,AA,WITH TUMOR,0.833333333,0,C18.9,30
3858,0.610169492,MALE,UNKNOWN,AA,WITH TUMOR,0.833333333,0,C18.9,0
3860,0.372881356,FEMALE,UNKNOWN,AA,WITH TUMOR,0.833333333,0,C18.7,0
3861,0.694915254,MALE,UNKNOWN,AA,WITH TUMOR,0.833333333,0,C18.0,0
3862,0.86440678,MALE,UNKNOWN,AA,WITH TUMOR,0.833333333,0,C18.2,31
3864,0.677966102,MALE,UNKNOWN,AA,UNKNOWN,0.666666667,0,C18.0,0
3866,0.796610169,FEMALE,UNKNOWN,AA,WITH TUMOR,0.666666667,0,C18.9,0
3867,0.728813559,MALE,UNKNOWN,AA,WITH TUMOR,0.833333333,0,C18.7,0
3869,0.762711864,MALE,UNKNOWN,AA,WITH TUMOR,0.833333333,0,C18.0,0
3870,0.677966102,FEMALE,UNKNOWN,AA,WITH TUMOR,0.833333333,0,C18.2,0
3872,0.237288136,MALE,UNKNOWN,AA,WITH TUMOR,0.833333333,0,C18.9,0
3875,0.796610169,FEMALE,UNKNOWN,AA,WITH TUMOR,0.833333333,0,C18.2,0
3877,0.881355932,FEMALE,UNKNOWN,AA,WITH TUMOR,0.833333333,0,C18.4,30
3930,0.593220339,MALE,UNKNOWN,AA,WITH TUMOR,0.833333333,0,C18.2,0
3939,0.881355932,MALE,UNKNOWN,AA,WITH TUMOR,0.833333333,0,C18.9,30
3941,0.898305085,FEMALE,UNKNOWN,AA,WITH TUMOR,1,0,C18.9,31
3947,0.491525424,FEMALE,UNKNOWN,AA,WITH TUMOR,0.833333333,0,C18.9,30
3949,0.949152542,FEMALE,UNKNOWN,AA,WITH TUMOR,0.833333333,0,C18.2,30
3950,0.813559322,FEMALE,UNKNOWN,AA,WITH TUMOR,0.833333333,0,C18.2,31
3952,0.627118644,MALE,UNKNOWN,AA,WITH TUMOR,0.833333333,1,C18.6,61
3955,0.118644068,MALE,UNKNOWN,AA,WITH TUMOR,1,0,C18.9,0
3956,0.576271186,MALE,UNKNOWN,AA,WITH TUMOR,0.833333333,0,C18.0,0
3966,0.983050847,FEMALE,UNKNOWN,AA,WITH TUMOR,0.833333333,0,C18.9,61
3968,0.406779661,FEMALE,UNKNOWN,AA,WITH TUMOR,0.833333333,0,C18.7,0
3970,0.576271186,MALE,UNKNOWN,AA,WITH TUMOR,0.833333333,0,C18.6,0
3971,0.457627119,MALE,UNKNOWN,AA,WITH TUMOR,0.666666667,0,C18.9,0
3972,0.694915254,MALE,UNKNOWN,AA,WITH TUMOR,0.833333333,0,C18.7,0
3973,0.644067797,MALE,UNKNOWN,AA,WITH TUMOR,0.666666667,0,C18.9,0
3975,0.830508475,MALE,UNKNOWN,AA,WITH TUMOR,0.833333333,0,C18.9,30
3976,0.661016949,MALE,UNKNOWN,AA,WITH TUMOR,0.833333333,0,C19,0
3977,0.576271186,MALE,UNKNOWN,AA,WITH TUMOR,0.833333333,0,C18.7,31
3979,0.898305085,MALE,UNKNOWN,AA,WITH TUMOR,0.833333333,0,C18.7,0
3980,0.983050847,FEMALE,UNKNOWN,AA,WITH TUMOR,0.833333333,0,C18.9,0
3982,0.745762712,MALE,UNKNOWN,AA,WITH TUMOR,0.833333333,0,C18.9,0
3984,0.508474576,FEMALE,UNKNOWN,AA,WITH TUMOR,0.833333333,0,C18.7,0
3986,0.711864407,MALE,UNKNOWN,AA,WITH TUMOR,0.666666667,0,C18.9,30
3989,0.898305085,MALE,UNKNOWN,AA,WITH TUMOR,0.833333333,0,C18.9,0
3994,0.644067797,MALE,UNKNOWN,AA,WITH TUMOR,0.833333333,0,C18.9,0
4070,0.338983051,FEMALE,BLACK OR AFRICAN AMERICAN,AY,WITH TUMOR,0.833333333,1,C18.2,496
4071,0.542372881,FEMALE,WHITE,AY,TUMOR FREE,0.833333333,1,C18.7,29
4105,0.813559322,MALE,WHITE,A6,TUMOR FREE,1,1,C18.2,442
4107,0.440677966,FEMALE,WHITE,A6,TUMOR FREE,1,0,C18.2,231
4308,0.271186441,FEMALE,WHITE,AZ,TUMOR FREE,0.833333333,0,C18.7,1715
4313,0.338983051,FEMALE,WHITE,AZ,TUMOR FREE,0.833333333,0,C18.6,957
4315,0.508474576,MALE,WHITE,AZ,TUMOR FREE,0.166666667,0,C18.0,1334
4323,0.101694915,MALE,WHITE,AZ,WITH TUMOR,0.5,1,C18.0,43
4614,0.677966102,FEMALE,WHITE,AZ,WITH TUMOR,0.5,1,C18.0,172
4615,0.898305085,MALE,WHITE,AZ,UNKNOWN,0.333333333,0,C18.0,506
4616,0.86440678,FEMALE,WHITE,AZ,UNKNOWN,0.833333333,1,C18.0,156
4681,0.813559322,FEMALE,WHITE,AZ,TUMOR FREE,0.833333333,0,C18.2,2180
4682,0.508474576,MALE,WHITE,AZ,WITH TUMOR,0.5,1,C19,680
4684,0.322033898,MALE,WHITE,AZ,WITH TUMOR,0.5,0,C19,1705
4743,0.644067797,MALE,WHITE,CM,TUMOR FREE,0.166666667,0,C18.2,184
4744,0.644067797,MALE,WHITE,CM,TUMOR FREE,0,0,C18.0,214
4746,0.508474576,MALE,BLACK OR AFRICAN AMERICAN,CM,TUMOR FREE,0,0,C18.7,699
4747,0.271186441,MALE,WHITE,CM,TUMOR FREE,0.5,0,C18.0,244
4748,0.372881356,MALE,WHITE,CM,TUMOR FREE,0.333333333,0,C18.4,214
4750,0.050847458,FEMALE,WHITE,CM,TUMOR FREE,0.333333333,0,C19,244
4751,0.525423729,MALE,WHITE,CM,TUMOR FREE,1,0,C18.0,607
4752,0.457627119,MALE,BLACK OR AFRICAN AMERICAN,CM,TUMOR FREE,0.166666667,0,C18.2,123
4947,0.254237288,FEMALE,WHITE,CK,WITH TUMOR,0.833333333,0,C18.7,534
4948,0.237288136,FEMALE,WHITE,CK,TUMOR FREE,0.666666667,0,C18.7,3116
4950,0.627118644,FEMALE,BLACK OR AFRICAN AMERICAN,CK,TUMOR FREE,0.833333333,0,C18.0,1227
4951,0.813559322,FEMALE,WHITE,CK,TUMOR FREE,0.833333333,0,C18.0,1492
4952,0.288135593,FEMALE,WHITE,CK,TUMOR FREE,0.833333333,0,C18.2,475
5254,0.186440678,FEMALE,ASIAN,CA,TUMOR FREE,0.833333333,0,C18.9,5
5255,0.237288136,MALE,ASIAN,CA,TUMOR FREE,0.833333333,0,C18.9,2
5256,0.389830508,FEMALE,ASIAN,CA,TUMOR FREE,0.166666667,0,C18.9,0
5341,0.86440678,FEMALE,WHITE,CM,TUMOR FREE,0.333333333,0,C18.7,183
5344,0.13559322,FEMALE,WHITE,CM,TUMOR FREE,1,0,C18.7,304
5348,0.694915254,MALE,WHITE,CM,TUMOR FREE,1,0,C18.0,393
5349,0.627118644,FEMALE,WHITE,CM,TUMOR FREE,1,0,C18.0,335
5403,0.203389831,MALE,WHITE,AZ,WITH TUMOR,0.666666667,1,C18.6,1910
5407,0.338983051,FEMALE,WHITE,AZ,TUMOR FREE,0.833333333,0,C18.0,1395
5537,0.881355932,MALE,WHITE,D5,TUMOR FREE,1,0,C18.9,456
5538,0.491525424,FEMALE,WHITE,D5,TUMOR FREE,0.333333333,0,C18.0,204
5539,0.491525424,MALE,WHITE,D5,UNKNOWN,0.333333333,0,C18.2,30
5540,0.711864407,MALE,WHITE,D5,TUMOR FREE,0.166666667,0,C18.0,198
5541,0.542372881,MALE,WHITE,D5,TUMOR FREE,0.333333333,0,C18.7,202
5543,0.576271186,FEMALE,BLACK OR AFRICAN AMERICAN,AY,TUMOR FREE,1,0,C18.2,230
5656,0.728813559,MALE,WHITE,A6,TUMOR FREE,1,0,C18.7,462
5657,0.576271186,MALE,BLACK OR AFRICAN AMERICAN,A6,TUMOR FREE,0.333333333,0,C18.9,367
5659,0.86440678,MALE,WHITE,A6,TUMOR FREE,0,0,C18.2,286
5660,0.711864407,MALE,BLACK OR AFRICAN AMERICAN,A6,TUMOR FREE,0.333333333,0,C18.2,342
5661,0.830508475,FEMALE,BLACK OR AFRICAN AMERICAN,A6,TUMOR FREE,0.166666667,0,C18.2,306
5662,0.254237288,MALE,WHITE,A6,WITH TUMOR,0.5,0,C18.5,297
5664,0.830508475,MALE,BLACK OR AFRICAN AMERICAN,A6,WITH TUMOR,1,0,C18.2,362
5665,0.898305085,FEMALE,WHITE,A6,TUMOR FREE,1,0,C18.2,286
5666,0.796610169,MALE,WHITE,A6,TUMOR FREE,0.166666667,0,C18.9,244
5667,0.152542373,FEMALE,WHITE,A6,TUMOR FREE,1,0,C18.7,320
5796,0.372881356,FEMALE,ASIAN,CA,TUMOR FREE,0.833333333,0,C18.2,12
5797,0.423728814,MALE,ASIAN,CA,TUMOR FREE,0.166666667,0,C18.9,8
5820,0.491525424,FEMALE,WHITE,AM,TUMOR FREE,1,0,C18.9,14
5821,0.627118644,FEMALE,WHITE,AM,TUMOR FREE,1,0,C18.7,28
5860,0.220338983,MALE,WHITE,CM,TUMOR FREE,1,0,C18.2,304
5861,0.542372881,FEMALE,WHITE,CM,UNKNOWN,1,0,C18.0,335
5862,0.830508475,MALE,WHITE,CM,WITH TUMOR,1,1,C18.2,153
5863,0.491525424,FEMALE,WHITE,CM,TUMOR FREE,1,0,C18.2,304
5864,0.491525424,MALE,WHITE,CM,TUMOR FREE,1,0,C18.0,61
5868,0.474576271,FEMALE,WHITE,CM,WITH TUMOR,1,0,C18.7,304
5900,0.610169492,MALE,WHITE,AD,TUMOR FREE,1,0,C18.2,2
5912,0.86440678,MALE,WHITE,CK,TUMOR FREE,0.833333333,0,C18.2,1466
5913,0.457627119,FEMALE,WHITE,CK,TUMOR FREE,0.833333333,0,C18.2,853
5914,0.847457627,MALE,WHITE,CK,TUMOR FREE,0.833333333,0,C18.7,669
5915,0.542372881,MALE,WHITE,CK,TUMOR FREE,0.833333333,0,C18.7,0
5916,0.677966102,FEMALE,WHITE,CK,WITH TUMOR,0.833333333,1,C18.2,643
6004,0.644067797,FEMALE,WHITE,AU,TUMOR FREE,1,0,C18.0,203
6137,0.406779661,MALE,WHITE,A6,TUMOR FREE,0.333333333,0,C18.2,195
6138,0.508474576,MALE,WHITE,A6,TUMOR FREE,0,0,C18.0,182
6140,0.525423729,MALE,WHITE,A6,TUMOR FREE,0.166666667,0,C18.6,125
6141,0,MALE,BLACK OR AFRICAN AMERICAN,A6,TUMOR FREE,1,0,C18.9,130
6142,0.423728814,FEMALE,WHITE,A6,TUMOR FREE,1,0,C18.7,134
6161,0.084745763,FEMALE,WHITE,CM,TUMOR FREE,1,0,C18.7,212
6162,0.288135593,FEMALE,WHITE,CM,TUMOR FREE,1,0,C18.2,212
6163,0.728813559,MALE,WHITE,CM,TUMOR FREE,1,0,C18.7,90
6164,0.254237288,FEMALE,WHITE,CM,TUMOR FREE,0.833333333,0,C18.7,487
6165,0.728813559,MALE,WHITE,CM,TUMOR FREE,1,0,C18.7,212
6166,0.288135593,FEMALE,WHITE,CM,TUMOR FREE,1,0,C18.2,424
6167,0.440677966,FEMALE,BLACK OR AFRICAN AMERICAN,CM,TUMOR FREE,1,0,C18.0,122
6168,0.898305085,FEMALE,BLACK OR AFRICAN AMERICAN,CM,TUMOR FREE,1,0,C18.2,181
6169,0.610169492,MALE,BLACK OR AFRICAN AMERICAN,CM,TUMOR FREE,1,0,C18.0,243
6170,0.711864407,FEMALE,WHITE,CM,TUMOR FREE,1,0,C18.6,242
6171,0.779661017,FEMALE,WHITE,CM,TUMOR FREE,1,0,C18.2,182
6172,0.661016949,FEMALE,WHITE,CM,TUMOR FREE,1,0,C18.7,212
6196,0.271186441,MALE,WHITE,AY,TUMOR FREE,1,0,C18.2,6
6197,0.491525424,MALE,WHITE,AY,TUMOR FREE,1,0,C18.2,113
6293,0.305084746,FEMALE,WHITE,G4,TUMOR FREE,0.666666667,0,C18.4,3203
6294,0.762711864,MALE,WHITE,G4,WITH TUMOR,0.833333333,1,C18.0,858
6295,0.661016949,FEMALE,WHITE,G4,TUMOR FREE,0.833333333,0,C18.0,254
6297,0.406779661,FEMALE,WHITE,G4,WITH TUMOR,0.833333333,0,C18.0,2289
6298,1,MALE,BLACK OR AFRICAN AMERICAN,G4,WITH TUMOR,0.833333333,1,C18.0,0
6299,0.644067797,MALE,WHITE,G4,TUMOR FREE,0.833333333,0,C18.6,2077
6302,1,FEMALE,WHITE,G4,UNKNOWN,0.833333333,0,C18.0,0
6303,0.389830508,FEMALE,WHITE,G4,WITH TUMOR,0.833333333,0,C18.7,1882
6304,0.593220339,FEMALE,WHITE,G4,TUMOR FREE,0.833333333,0,C18.4,1631
6306,0.677966102,MALE,WHITE,G4,TUMOR FREE,0.833333333,0,C18.2,1359
6307,0.101694915,FEMALE,WHITE,G4,TUMOR FREE,0.166666667,0,C18.7,1485
6309,0.152542373,FEMALE,BLACK OR AFRICAN AMERICAN,G4,TUMOR FREE,0.833333333,0,C18.7,1386
6310,0.644067797,MALE,WHITE,G4,TUMOR FREE,0.833333333,0,C18.9,1205
6311,0.830508475,MALE,WHITE,G4,TUMOR FREE,0.833333333,0,C18.2,1112
6314,0.762711864,FEMALE,WHITE,G4,WITH TUMOR,0.833333333,0,C18.0,1031
6315,0.593220339,MALE,WHITE,G4,TUMOR FREE,0.833333333,0,C18.6,937
6317,0.338983051,FEMALE,WHITE,G4,TUMOR FREE,0.833333333,0,C18.7,894
6320,0.711864407,MALE,WHITE,G4,TUMOR FREE,0.833333333,0,C18.3,678
6321,0.491525424,FEMALE,WHITE,G4,TUMOR FREE,0.833333333,0,C18.0,572
6322,0.576271186,MALE,WHITE,G4,TUMOR FREE,0.833333333,0,C18.6,547
6323,0.322033898,MALE,BLACK OR AFRICAN AMERICAN,G4,TUMOR FREE,1,0,C18.0,201
6386,0.593220339,FEMALE,BLACK OR AFRICAN AMERICAN,AY,TUMOR FREE,1,0,C18.0,169
6459,0.508474576,FEMALE,WHITE,F4,TUMOR FREE,1,0,C18.7,0
6460,0.338983051,FEMALE,WHITE,F4,UNKNOWN,1,0,C18.7,0
6461,0.169491525,FEMALE,WHITE,F4,TUMOR FREE,1,0,C18.9,0
6463,0.338983051,MALE,WHITE,F4,TUMOR FREE,1,0,C18.4,0
6529,0.644067797,MALE,WHITE,D5,TUMOR FREE,1,0,C18.9,260
6530,0.372881356,MALE,WHITE,D5,TUMOR FREE,1,0,C18.0,271
6531,0.745762712,MALE,WHITE,D5,TUMOR FREE,0.166666667,0,C18.3,17
6532,0.508474576,MALE,WHITE,D5,TUMOR FREE,0.166666667,0,C18.7,107
6533,0.627118644,FEMALE,WHITE,D5,TUMOR FREE,1,0,C18.4,40
6534,0.525423729,FEMALE,WHITE,D5,TUMOR FREE,1,0,C18.9,241
6535,0.830508475,FEMALE,WHITE,D5,TUMOR FREE,1,0,C18.9,10
6536,0.711864407,MALE,WHITE,D5,WITH TUMOR,1,0,C18.9,287
6537,0.559322034,MALE,WHITE,D5,TUMOR FREE,1,0,C18.4,137
6538,0.813559322,FEMALE,WHITE,D5,TUMOR FREE,0.333333333,0,C18.3,246
6539,0.237288136,FEMALE,WHITE,D5,TUMOR FREE,1,0,C18.4,145
6540,0.593220339,MALE,WHITE,D5,TUMOR FREE,0,0,C18.0,186
6541,0.305084746,MALE,WHITE,D5,TUMOR FREE,0.166666667,0,C18.5,108
6548,0.847457627,FEMALE,WHITE,AD,UNKNOWN,1,0,C18.5,3
6569,0.491525424,MALE,WHITE,F4,TUMOR FREE,1,0,C18.9,0
6570,0.796610169,FEMALE,WHITE,F4,TUMOR FREE,1,0,C18.9,0
6586,0.728813559,FEMALE,WHITE,G4,TUMOR FREE,0.833333333,0,C18.2,741
6588,0.457627119,FEMALE,WHITE,G4,TUMOR FREE,0.833333333,0,C18.0,644
6598,0.779661017,FEMALE,WHITE,AZ,UNKNOWN,0.666666667,1,C18.2,1503
6599,0.694915254,MALE,WHITE,AZ,UNKNOWN,0.666666667,1,C18.0,206
6600,0.559322034,MALE,BLACK OR AFRICAN AMERICAN,AZ,WITH TUMOR,0.666666667,1,C18.2,368
6601,0.627118644,MALE,WHITE,AZ,WITH TUMOR,0.666666667,1,C18.7,3042
6603,0.779661017,FEMALE,WHITE,AZ,TUMOR FREE,0.666666667,1,C18.7,899
6605,0.796610169,MALE,WHITE,AZ,TUMOR FREE,0.833333333,1,C18.2,159
6606,0.847457627,MALE,WHITE,AZ,WITH TUMOR,0.833333333,1,C18.0,357
6607,0.644067797,MALE,WHITE,AZ,WITH TUMOR,0.833333333,1,C18.7,97
6608,0.406779661,FEMALE,WHITE,AZ,UNKNOWN,0.833333333,1,C18.7,59
6625,0.779661017,FEMALE,WHITE,G4,WITH TUMOR,0.666666667,0,C18.7,2673
6626,1,MALE,WHITE,G4,UNKNOWN,0.833333333,1,C18.2,1
6627,0.898305085,MALE,WHITE,G4,UNKNOWN,0.833333333,0,C18.2,1434
6628,0.796610169,MALE,WHITE,G4,UNKNOWN,0.833333333,0,C18.0,1606
6648,0.423728814,MALE,WHITE,A6,TUMOR FREE,1,0,C18.6,253
6649,0.593220339,MALE,WHITE,A6,TUMOR FREE,0.333333333,0,C18.2,147
6650,0.644067797,FEMALE,BLACK OR AFRICAN AMERICAN,A6,TUMOR FREE,1,0,C18.2,173
6651,0.406779661,FEMALE,WHITE,A6,TUMOR FREE,1,0,C18.9,249
6652,0.474576271,MALE,BLACK OR AFRICAN AMERICAN,A6,WITH TUMOR,0.5,0,C18.7,135
6653,0.86440678,MALE,WHITE,A6,TUMOR FREE,1,0,C18.9,91
6654,0.576271186,FEMALE,WHITE,A6,TUMOR FREE,1,0,C18.9,178
6674,0.13559322,MALE,WHITE,CM,TUMOR FREE,1,0,C18.3,150
6675,0.06779661,MALE,BLACK OR AFRICAN AMERICAN,CM,TUMOR FREE,1,0,C18.0,153
6676,0.86440678,MALE,WHITE,CM,TUMOR FREE,1,0,C18.7,153
6677,0.745762712,FEMALE,WHITE,CM,TUMOR FREE,1,0,C18.3,153
6678,0.542372881,FEMALE,WHITE,CM,TUMOR FREE,1,0,C18.7,122
6679,0.457627119,MALE,WHITE,CM,TUMOR FREE,1,0,C18.7,122
6680,0.796610169,FEMALE,WHITE,CM,TUMOR FREE,1,0,C18.0,91
6703,0.559322034,MALE,WHITE,F4,TUMOR FREE,1,0,C18.2,56
6704,0.491525424,MALE,AMERICAN INDIAN OR ALASKA NATIVE,F4,TUMOR FREE,1,0,C18.7,47
6715,0.542372881,MALE,ASIAN,CA,TUMOR FREE,0.833333333,0,C18.7,2
6716,0.576271186,MALE,ASIAN,CA,TUMOR FREE,0.833333333,0,C18.2,8
6717,0.440677966,MALE,ASIAN,CA,TUMOR FREE,0.833333333,0,C18.2,10
6718,0.254237288,MALE,ASIAN,CA,TUMOR FREE,0.833333333,0,C18.9,3
6719,0.779661017,MALE,ASIAN,CA,TUMOR FREE,0.833333333,0,C18.6,41
6746,0.898305085,FEMALE,WHITE,CK,TUMOR FREE,0.833333333,0,C18.0,0
6747,0.949152542,FEMALE,WHITE,CK,TUMOR FREE,0.833333333,0,C18.0,89
6748,0.237288136,FEMALE,WHITE,CK,WITH TUMOR,0.833333333,0,C18.7,61
6751,0.966101695,FEMALE,WHITE,CK,TUMOR FREE,0.666666667,0,C18.2,518
6780,0.728813559,MALE,WHITE,A6,TUMOR FREE,1,0,C18.2,87
6781,0.203389831,MALE,WHITE,A6,TUMOR FREE,1,0,C18.9,158
6782,0.86440678,MALE,WHITE,A6,TUMOR FREE,1,0,C18.2,164
6805,0.457627119,FEMALE,WHITE,F4,TUMOR FREE,1,0,C18.9,16
6806,0.474576271,FEMALE,WHITE,F4,TUMOR FREE,1,0,C18.7,20
6807,0.338983051,FEMALE,WHITE,F4,TUMOR FREE,1,0,C18.9,16
6808,0.389830508,FEMALE,WHITE,F4,TUMOR FREE,1,0,C18.7,14
6809,0.355932203,FEMALE,WHITE,F4,WITH TUMOR,1,0,C18.7,39
6854,0.779661017,FEMALE,WHITE,F4,TUMOR FREE,1,0,C18.7,16
6855,0.661016949,FEMALE,WHITE,F4,TUMOR FREE,1,0,C18.7,42
6856,0.237288136,MALE,WHITE,F4,TUMOR FREE,1,0,C18.0,20
6888,0.711864407,MALE,WHITE,AD,TUMOR FREE,1,0,C18.2,155
6890,0.576271186,MALE,WHITE,AD,TUMOR FREE,1,0,C18.2,24
6895,0.898305085,MALE,WHITE,AD,TUMOR FREE,1,0,C18.0,22
6898,0.338983051,FEMALE,WHITE,D5,TUMOR FREE,1,0,C18.9,45
6899,0.898305085,MALE,WHITE,AD,TUMOR FREE,1,0,C18.9,48
6901,0.796610169,MALE,WHITE,AD,WITH TUMOR,1,0,C18.0,31
6920,0.779661017,FEMALE,WHITE,D5,TUMOR FREE,1,0,C18.7,112
6922,0.762711864,MALE,WHITE,D5,TUMOR FREE,1,0,C18.7,134
6923,0.440677966,MALE,WHITE,D5,TUMOR FREE,1,0,C18.7,43
6924,0.627118644,MALE,WHITE,D5,TUMOR FREE,1,0,C18.7,89
6926,0.576271186,MALE,WHITE,D5,TUMOR FREE,1,0,C18.7,95
6927,0.050847458,MALE,WHITE,D5,TUMOR FREE,1,0,C18.7,67
6928,0.830508475,MALE,WHITE,D5,TUMOR FREE,1,0,C18.3,20
6929,0.305084746,FEMALE,WHITE,D5,WITH TUMOR,1,0,C18.9,146
6930,0.610169492,MALE,WHITE,D5,TUMOR FREE,1,0,C18.0,46
6931,0.779661017,MALE,WHITE,D5,TUMOR FREE,1,0,C18.9,43
6932,0.644067797,MALE,WHITE,D5,TUMOR FREE,1,0,C18.9,19
6963,0.457627119,MALE,WHITE,AD,TUMOR FREE,1,0,C18.2,3
6964,0.457627119,MALE,WHITE,AD,WITH TUMOR,1,0,C18.2,23
6965,0.525423729,MALE,WHITE,AD,WITH TUMOR,1,0,C18.0,6
7000,0.813559322,FEMALE,WHITE,D5,TUMOR FREE,1,0,C18.0,41
A004,0.762711864,MALE,UNKNOWN,AA,UNKNOWN,0.833333333,0,C18.7,31
A00A,0.830508475,MALE,UNKNOWN,AA,WITH TUMOR,0.833333333,0,C18.2,0
A00D,0.661016949,MALE,UNKNOWN,AA,UNKNOWN,0.833333333,0,C18.2,31
A00E,0.576271186,MALE,UNKNOWN,AA,WITH TUMOR,0.833333333,0,C18.2,0
A00F,0.593220339,MALE,UNKNOWN,AA,WITH TUMOR,0.833333333,0,C18.7,0
A00J,0.830508475,MALE,UNKNOWN,AA,WITH TUMOR,0.833333333,0,C18.2,0
A00K,0.813559322,MALE,UNKNOWN,AA,WITH TUMOR,0.833333333,0,C18.7,31
A00L,0.593220339,MALE,UNKNOWN,AA,WITH TUMOR,0.833333333,0,C18.4,31
A00N,0.745762712,MALE,UNKNOWN,AA,WITH TUMOR,0.833333333,1,C18.0,122
A00O,0.881355932,FEMALE,UNKNOWN,AA,WITH TUMOR,0.833333333,0,C18.7,0
A00Q,0.593220339,FEMALE,UNKNOWN,AA,WITH TUMOR,0.833333333,0,C18.7,0
A00R,0.559322034,FEMALE,UNKNOWN,AA,WITH TUMOR,0.833333333,0,C18.0,30
A00U,0.322033898,MALE,UNKNOWN,AA,WITH TUMOR,0.833333333,0,C18.2,31
A00W,0.830508475,MALE,UNKNOWN,AA,WITH TUMOR,0.833333333,0,C18.7,30
A00Z,0.661016949,MALE,UNKNOWN,AA,UNKNOWN,0.833333333,0,C18.7,31
A010,0.254237288,FEMALE,UNKNOWN,AA,WITH TUMOR,0.833333333,0,C18.4,0
A017,0.440677966,FEMALE,UNKNOWN,AA,WITH TUMOR,0.833333333,0,C18.7,31
A01C,0.745762712,MALE,UNKNOWN,AA,WITH TUMOR,0.833333333,0,C18.2,30
A01D,0.271186441,FEMALE,UNKNOWN,AA,WITH TUMOR,0.833333333,0,C19,30
A01F,0.694915254,MALE,UNKNOWN,AA,WITH TUMOR,0.833333333,0,C18.7,31
A01G,0.542372881,MALE,UNKNOWN,AA,WITH TUMOR,0.833333333,0,C18.0,31
A01I,0.762711864,MALE,UNKNOWN,AA,WITH TUMOR,0.833333333,0,C18.7,31
A01K,0.728813559,FEMALE,UNKNOWN,AA,WITH TUMOR,0.833333333,0,C18.7,31
A01P,0.830508475,FEMALE,UNKNOWN,AA,WITH TUMOR,0.666666667,0,C18.2,0
A01Q,0.288135593,FEMALE,UNKNOWN,AA,WITH TUMOR,0.666666667,0,C18.2,31
A01R,0.271186441,MALE,UNKNOWN,AA,WITH TUMOR,0.666666667,0,C18.2,29
A01S,0.271186441,FEMALE,UNKNOWN,AA,WITH TUMOR,0.666666667,0,C18.7,31
A01T,0.542372881,FEMALE,UNKNOWN,AA,WITH TUMOR,0.666666667,0,C18.7,31
A01V,0.474576271,MALE,UNKNOWN,AA,WITH TUMOR,0.666666667,0,C18.0,31
A01X,0.830508475,FEMALE,UNKNOWN,AA,WITH TUMOR,0.666666667,0,C18.7,30
A01Z,0.627118644,MALE,UNKNOWN,AA,WITH TUMOR,0.666666667,0,C18.2,0
A022,0.966101695,FEMALE,UNKNOWN,AA,WITH TUMOR,0.666666667,0,C18.0,0
A024,0.847457627,MALE,UNKNOWN,AA,UNKNOWN,0.666666667,0,C18.6,61
A029,0.610169492,MALE,UNKNOWN,AA,WITH TUMOR,0.666666667,0,C18.0,120
A02E,0.86440678,FEMALE,UNKNOWN,AA,WITH TUMOR,0.833333333,1,C18.0,90
A02F,0.627118644,FEMALE,UNKNOWN,AA,WITH TUMOR,0.833333333,0,C18.7,31
A02H,0.728813559,FEMALE,UNKNOWN,AA,WITH TUMOR,0.833333333,1,C18.7,61
A02J,0.661016949,FEMALE,UNKNOWN,AA,WITH TUMOR,0.833333333,1,C18.7,153
A02K,0.322033898,MALE,UNKNOWN,AA,WITH TUMOR,0.833333333,0,C18.2,0
A02O,0.86440678,MALE,UNKNOWN,AA,WITH TUMOR,0.833333333,0,C18.4,28
A02R,0.898305085,FEMALE,UNKNOWN,AA,WITH TUMOR,0.833333333,1,C18.0,670
A02W,0.711864407,FEMALE,UNKNOWN,AA,UNKNOWN,0.666666667,0,C18.7,31
A02Y,0.711864407,MALE,UNKNOWN,AA,UNKNOWN,0.833333333,0,C18.0,31
A03F,1,FEMALE,UNKNOWN,AA,WITH TUMOR,0.666666667,0,C18.0,0
A03J,0.576271186,FEMALE,UNKNOWN,AA,UNKNOWN,0.666666667,0,C18.7,0
A0X9,0.677966102,FEMALE,WHITE,DM,UNKNOWN,0.166666667,0,C18.2,3429
A0XD,0.576271186,MALE,WHITE,DM,UNKNOWN,0.166666667,1,C18.0,743
A0XF,0.627118644,FEMALE,WHITE,DM,UNKNOWN,0.333333333,1,C18.7,1162
A1D0,0.813559322,FEMALE,WHITE,DM,UNKNOWN,0.166666667,0,C18.7,3625
A1D4,0.830508475,MALE,WHITE,DM,UNKNOWN,0.166666667,1,C18.0,2821
A1D6,0.966101695,MALE,WHITE,DM,UNKNOWN,0.166666667,1,C18.5,570
A1D8,0.322033898,FEMALE,WHITE,DM,UNKNOWN,0.833333333,1,C18.2,383
A1D9,0.610169492,FEMALE,WHITE,DM,UNKNOWN,0.166666667,0,C18.0,3920
A1DA,0.677966102,FEMALE,WHITE,DM,UNKNOWN,0.333333333,1,C18.0,228
A1DB,0.627118644,MALE,WHITE,DM,UNKNOWN,0.166666667,1,C18.7,1348
A1HA,0.86440678,MALE,WHITE,DM,UNKNOWN,0.333333333,0,C18.2,2600
A1HB,0.745762712,MALE,WHITE,DM,UNKNOWN,0.333333333,0,C18.4,3786
A280,0.661016949,FEMALE,WHITE,DM,UNKNOWN,0.833333333,1,C18.2,236
A282,0.508474576,FEMALE,WHITE,DM,UNKNOWN,0.833333333,0,C18.3,4122
A285,0.677966102,FEMALE,WHITE,DM,UNKNOWN,0.833333333,1,C18.2,179
A288,0.627118644,MALE,WHITE,DM,UNKNOWN,0.833333333,1,C18.0,427
A28A,0.796610169,MALE,WHITE,DM,UNKNOWN,0.833333333,1,C18.0,805
A28C,0.728813559,MALE,WHITE,DM,UNKNOWN,0.833333333,1,C18.7,2475
A28E,0.694915254,FEMALE,WHITE,DM,UNKNOWN,0.833333333,0,C18.7,3530
A28F,0.711864407,MALE,WHITE,DM,UNKNOWN,0.833333333,1,C18.7,1094
A28G,0.745762712,MALE,WHITE,DM,UNKNOWN,0.833333333,1,C18.2,1849
A28H,0.322033898,MALE,WHITE,DM,UNKNOWN,0.833333333,0,C18.0,3423
A28K,0.745762712,MALE,WHITE,DM,UNKNOWN,0.833333333,0,C18.3,2835
A28M,0.542372881,MALE,WHITE,DM,UNKNOWN,0.833333333,0,C18.6,2775
A50T,0.627118644,FEMALE,BLACK OR AFRICAN AMERICAN,NH,TUMOR FREE,1,0,C18.5,125
A50U,0.186440678,MALE,BLACK OR AFRICAN AMERICAN,NH,WITH TUMOR,1,1,C18.0,334
A50V,0.644067797,MALE,BLACK OR AFRICAN AMERICAN,NH,TUMOR FREE,1,0,C18.0,154
A54L,0.728813559,FEMALE,BLACK OR AFRICAN AMERICAN,AY,TUMOR FREE,1,0,C18.3,158
A565,0.050847458,FEMALE,BLACK OR AFRICAN AMERICAN,A6,WITH TUMOR,0.833333333,1,C18.4,494
A566,0.406779661,FEMALE,BLACK OR AFRICAN AMERICAN,A6,WITH TUMOR,0.833333333,1,C18.6,758
A567,0.423728814,MALE,BLACK OR AFRICAN AMERICAN,A6,WITH TUMOR,0.833333333,1,C18.7,1881
A56B,0.440677966,MALE,BLACK OR AFRICAN AMERICAN,A6,TUMOR FREE,0.833333333,0,C18.7,1595
A5EJ,0.728813559,FEMALE,BLACK OR AFRICAN AMERICAN,AD,TUMOR FREE,1,0,C18.0,0
A5EK,0.338983051,MALE,BLACK OR AFRICAN AMERICAN,AD,TUMOR FREE,1,0,C18.2,13
A5IV,1,FEMALE,BLACK OR AFRICAN AMERICAN,NH,TUMOR FREE,1,0,C18.4,0
A5YV,0.559322034,FEMALE,BLACK OR AFRICAN AMERICAN,QG,TUMOR FREE,1,0,C18.7,821
A5YW,0.406779661,FEMALE,BLACK OR AFRICAN AMERICAN,QG,TUMOR FREE,1,0,C18.0,399
A5YX,0.508474576,FEMALE,BLACK OR AFRICAN AMERICAN,QG,TUMOR FREE,1,0,C18.7,526
A5Z1,0.677966102,MALE,BLACK OR AFRICAN AMERICAN,QG,TUMOR FREE,1,0,C19,202
A5Z2,0.508474576,MALE,BLACK OR AFRICAN AMERICAN,QG,TUMOR FREE,1,0,C18.0,449
A5ZU,0.474576271,MALE,BLACK OR AFRICAN AMERICAN,A6,TUMOR FREE,1,0,C18.4,117
A69D,0.406779661,FEMALE,BLACK OR AFRICAN AMERICAN,AY,TUMOR FREE,1,0,C18.4,168
A6GA,0.457627119,MALE,BLACK OR AFRICAN AMERICAN,NH,WITH TUMOR,1,0,C18.2,182
A6GB,0.677966102,FEMALE,BLACK OR AFRICAN AMERICAN,NH,UNKNOWN,1,0,C18.4,170
A6GC,0.593220339,FEMALE,BLACK OR AFRICAN AMERICAN,NH,UNKNOWN,1,0,C18.6,40
A71X,0.389830508,FEMALE,BLACK OR AFRICAN AMERICAN,AY,TUMOR FREE,1,0,C18.0,235
A7HO,0.220338983,FEMALE,BLACK OR AFRICAN AMERICAN,SS,WITH TUMOR,1,0,C18.0,1829
A8F7,0.372881356,FEMALE,BLACK OR AFRICAN AMERICAN,NH,WITH TUMOR,1,0,C18.7,158
A8F8,0.813559322,MALE,BLACK OR AFRICAN AMERICAN,NH,UNKNOWN,1,0,C18.2,167
A8FL,0.338983051,MALE,BLACK OR AFRICAN AMERICAN,RU,WITH TUMOR,1,0,C18.0,921
A8YK,0.220338983,MALE,BLACK OR AFRICAN AMERICAN,AY,TUMOR FREE,1,0,C18.7,209
A92H,0.86440678,MALE,BLACK OR AFRICAN AMERICAN,T9,TUMOR FREE,1,0,C18.7,0
A93T,0.610169492,MALE,BLACK OR AFRICAN AMERICAN,4N,WITH TUMOR,1,0,C18.2,8
A97D,0.898305085,FEMALE,BLACK OR AFRICAN AMERICAN,QL,TUMOR FREE,1,0,C18.2,295
AA1B,0.508474576,FEMALE,BLACK OR AFRICAN AMERICAN,3L,TUMOR FREE,1,0,C18.0,154
AA8H,0.186440678,FEMALE,BLACK OR AFRICAN AMERICAN,4T,TUMOR FREE,1,0,C18.6,160
AAT4,0.728813559,MALE,BLACK OR AFRICAN AMERICAN,5M,WITH TUMOR,0.833333333,1,C18.2,49
AAT6,0.152542373,FEMALE,BLACK OR AFRICAN AMERICAN,5M,WITH TUMOR,0.833333333,1,C18.2,290
AATE,0.762711864,MALE,BLACK OR AFRICAN AMERICAN,5M,WITH TUMOR,1,0,C18.2,1200