patient_id,age,gender,race_list,tissue_source_site,person_neoplasm_cancer_status,stage_event,vital_status,neoplasm_histologic_grade,real_survival_time
4442,0.916666667,MALE,ASIAN,CG,TUMOR FREE,0.333333333,0,0.666666667,0
4443,0.633333333,MALE,WHITE,CG,UNKNOWN,0.333333333,0,0.333333333,912
4444,0.766666667,MALE,ASIAN,CG,TUMOR FREE,0.666666667,0,0.666666667,1431
4460,0.6,FEMALE,WHITE,CG,WITH TUMOR,0.666666667,1,0.333333333,669
4462,0.7,FEMALE,BLACK OR AFRICAN AMERICAN,CG,WITH TUMOR,0.666666667,1,0.666666667,0
4465,0.65,FEMALE,WHITE,CG,UNKNOWN,0.666666667,1,0.666666667,274
4466,0.85,FEMALE,WHITE,CG,TUMOR FREE,0.666666667,0,0.333333333,577
4469,0.666666667,MALE,WHITE,CG,UNKNOWN,0.666666667,1,0.666666667,215
4475,0.766666667,MALE,WHITE,CG,TUMOR FREE,1,0,0.666666667,0
4476,0.65,MALE,WHITE,CG,TUMOR FREE,1,0,0.666666667,0
4477,0.466666667,FEMALE,WHITE,CG,WITH TUMOR,0.666666667,0,0.666666667,31
5577,0.383333333,FEMALE,WHITE,D7,TUMOR FREE,1,0,0.333333333,263
5578,0.833333333,MALE,WHITE,D7,TUMOR FREE,1,0,0.666666667,109
5716,0.933333333,MALE,ASIAN,CG,WITH TUMOR,1,0,0.333333333,0
5717,0.466666667,MALE,ASIAN,CG,WITH TUMOR,0.666666667,1,0.666666667,212
5718,0.8,FEMALE,WHITE,CG,TUMOR FREE,0.666666667,0,0.333333333,31
5719,0.4,FEMALE,BLACK OR AFRICAN AMERICAN,CG,TUMOR FREE,1,0,0,31
5720,0.683333333,MALE,ASIAN,CG,TUMOR FREE,0.333333333,1,0.666666667,30
5721,0.466666667,MALE,ASIAN,CG,TUMOR FREE,0.333333333,0,0.666666667,183
5722,0.616666667,FEMALE,WHITE,CG,WITH TUMOR,0.333333333,0,0.666666667,30
5723,0.883333333,MALE,WHITE,CG,UNKNOWN,0.333333333,0,0.666666667,2131
5724,0.483333333,MALE,BLACK OR AFRICAN AMERICAN,CG,WITH TUMOR,0.333333333,1,0.666666667,366
5725,0.7,MALE,WHITE,CG,WITH TUMOR,0.333333333,1,0.666666667,457
5726,0.716666667,MALE,WHITE,CG,TUMOR FREE,0.333333333,1,0.333333333,881
5728,0.966666667,FEMALE,ASIAN,CG,WITH TUMOR,0.333333333,0,0.666666667,579
5730,0.833333333,FEMALE,WHITE,CG,TUMOR FREE,0.333333333,0,0.333333333,122
5732,0.6,MALE,ASIAN,CG,TUMOR FREE,0.333333333,0,0.333333333,1674
5733,0.883333333,FEMALE,BLACK OR AFRICAN AMERICAN,CG,WITH TUMOR,0.333333333,1,0.666666667,641
5734,0.633333333,MALE,ASIAN,CG,UNKNOWN,0.333333333,1,0.666666667,243
5798,0.883333333,MALE,ASIAN,CD,TUMOR FREE,0.666666667,0,0.333333333,25
5799,0.25,MALE,ASIAN,CD,TUMOR FREE,0.666666667,0,0.666666667,21
5803,0.8,FEMALE,ASIAN,CD,TUMOR FREE,0.666666667,0,0.666666667,2
5804,1,MALE,ASIAN,CD,UNKNOWN,1,0,0.333333333,0
5813,0.5,MALE,ASIAN,CD,TUMOR FREE,0.666666667,0,0.666666667,12
5816,0.35,FEMALE,WHITE,B7,TUMOR FREE,1,0,0.666666667,171
5818,0.533333333,MALE,WHITE,B7,TUMOR FREE,1,0,0.666666667,3
6177,1,MALE,BLACK OR AFRICAN AMERICAN,F1,TUMOR FREE,0.666666667,0,0.333333333,0
6452,0.8,FEMALE,WHITE,BR,TUMOR FREE,1,0,0.666666667,29
6453,0.4,MALE,WHITE,BR,TUMOR FREE,1,0,0.666666667,0
6454,0.466666667,MALE,WHITE,BR,UNKNOWN,1,0,0.666666667,0
6455,0.483333333,MALE,WHITE,BR,TUMOR FREE,1,0,0.666666667,43
6456,0.733333333,FEMALE,WHITE,BR,UNKNOWN,1,0,0.333333333,0
6457,0.65,MALE,WHITE,BR,TUMOR FREE,1,0,0.666666667,41
6458,0.45,FEMALE,WHITE,BR,TUMOR FREE,1,0,0.666666667,41
6518,0.75,MALE,WHITE,D7,WITH TUMOR,1,0,0.666666667,298
6519,0.566666667,FEMALE,WHITE,D7,WITH TUMOR,1,0,0.666666667,476
6520,0.383333333,MALE,WHITE,D7,UNKNOWN,0.666666667,0,0.666666667,293
6521,0.583333333,MALE,WHITE,D7,TUMOR FREE,1,0,0.666666667,249
6522,0.466666667,MALE,WHITE,D7,TUMOR FREE,0.666666667,0,0.666666667,210
6524,0.383333333,MALE,WHITE,D7,TUMOR FREE,0.666666667,0,0.666666667,21
6525,0.466666667,MALE,WHITE,D7,WITH TUMOR,0.666666667,0,0.666666667,181
6526,0.616666667,FEMALE,WHITE,D7,TUMOR FREE,1,0,0.333333333,201
6527,0.533333333,MALE,WHITE,D7,UNKNOWN,0.666666667,0,0.333333333,126
6528,0.666666667,FEMALE,WHITE,D7,TUMOR FREE,0.666666667,0,0.333333333,51
6563,0.5,MALE,WHITE,BR,TUMOR FREE,1,0,0.666666667,26
6564,0.266666667,FEMALE,WHITE,BR,TUMOR FREE,1,0,0.666666667,25
6565,0.616666667,MALE,WHITE,BR,TUMOR FREE,1,0,0.333333333,19
6566,0.566666667,FEMALE,WHITE,BR,TUMOR FREE,1,0,0.666666667,19
6705,0.633333333,FEMALE,WHITE,BR,TUMOR FREE,1,0,0.666666667,53
6706,0.55,MALE,WHITE,BR,TUMOR FREE,0.666666667,0,0.666666667,66
6707,0.75,MALE,WHITE,BR,TUMOR FREE,1,0,0.666666667,30
6709,0.45,FEMALE,WHITE,BR,WITH TUMOR,1,0,0.666666667,38
6710,0.183333333,MALE,WHITE,BR,TUMOR FREE,1,0,0.333333333,21
6801,0.666666667,MALE,WHITE,BR,TUMOR FREE,1,0,0.333333333,35
6802,0.583333333,MALE,WHITE,BR,TUMOR FREE,1,0,0.666666667,23
6803,0.4,FEMALE,WHITE,BR,TUMOR FREE,1,0,0.666666667,20
6815,0.666666667,FEMALE,WHITE,D7,TUMOR FREE,1,0,0.333333333,111
6817,0.55,MALE,WHITE,D7,TUMOR FREE,1,0,0.666666667,24
6818,0.383333333,MALE,WHITE,D7,TUMOR FREE,1,0,0.666666667,124
6820,0.566666667,MALE,WHITE,D7,TUMOR FREE,0.666666667,0,0.333333333,89
6822,0.783333333,MALE,WHITE,D7,TUMOR FREE,1,0,0.333333333,131
6852,0.566666667,FEMALE,WHITE,BR,TUMOR FREE,1,0,0.666666667,8
6874,0.816666667,MALE,WHITE,F1,TUMOR FREE,1,0,0.666666667,62
6875,0.833333333,MALE,BLACK OR AFRICAN AMERICAN,F1,TUMOR FREE,0,1,0.333333333,2197
7196,0.566666667,MALE,WHITE,BR,WITH TUMOR,1,0,0.666666667,37
7197,0.65,MALE,WHITE,BR,UNKNOWN,1,0,1,46
7597,0.683333333,FEMALE,WHITE,HJ,WITH TUMOR,0.666666667,1,0.666666667,805
7703,0.85,MALE,WHITE,BR,TUMOR FREE,1,0,0.333333333,14
7704,0.65,FEMALE,WHITE,BR,TUMOR FREE,1,0,0.666666667,38
7707,0.65,FEMALE,WHITE,BR,TUMOR FREE,1,0,0.666666667,4
7715,0.583333333,MALE,WHITE,BR,TUMOR FREE,1,0,0.333333333,32
7716,0.533333333,FEMALE,WHITE,BR,TUMOR FREE,1,0,0.333333333,25
7717,0.55,MALE,WHITE,BR,UNKNOWN,0.666666667,0,0.333333333,21
7722,0.533333333,MALE,WHITE,BR,TUMOR FREE,1,0,0.666666667,5
7723,0.483333333,MALE,WHITE,BR,TUMOR FREE,1,0,0.666666667,139
7735,0.783333333,MALE,BLACK OR AFRICAN AMERICAN,FP,TUMOR FREE,1,0,0.333333333,12
7806,0.333333333,MALE,WHITE,IN,TUMOR FREE,1,0,0.666666667,209
7808,0.483333333,MALE,WHITE,IN,WITH TUMOR,1,1,0.666666667,105
7829,0.65,MALE,WHITE,FP,TUMOR FREE,1,0,0.333333333,6
7851,0.733333333,MALE,WHITE,BR,TUMOR FREE,1,0,0.666666667,30
7901,0.733333333,MALE,WHITE,BR,TUMOR FREE,1,0,0.333333333,29
7916,0.8,MALE,ASIAN,FP,WITH TUMOR,1,0,0.666666667,92
7957,0.333333333,FEMALE,WHITE,BR,TUMOR FREE,1,0,1,21
7958,0.5,MALE,WHITE,BR,TUMOR FREE,1,0,0.666666667,5
7959,0.483333333,MALE,WHITE,BR,TUMOR FREE,1,0,0.666666667,33
7968,0.733333333,MALE,WHITE,IP,TUMOR FREE,1,0,0.333333333,77
7998,0.783333333,MALE,WHITE,FP,UNKNOWN,1,0,0.666666667,109
8058,0.383333333,FEMALE,WHITE,BR,TUMOR FREE,1,0,0.666666667,35
8059,0.7,MALE,WHITE,BR,TUMOR FREE,1,0,0.666666667,25
8060,0.75,FEMALE,WHITE,BR,TUMOR FREE,1,0,0.666666667,40
8077,0.466666667,FEMALE,WHITE,BR,TUMOR FREE,1,0,0.333333333,21
8078,0.666666667,FEMALE,WHITE,BR,TUMOR FREE,1,0,0.666666667,29
8080,0.7,FEMALE,WHITE,BR,TUMOR FREE,1,0,0.666666667,15
8081,0.683333333,FEMALE,WHITE,BR,TUMOR FREE,1,0,0.333333333,14
8099,0.816666667,MALE,WHITE,FP,UNKNOWN,1,0,0.333333333,34
8122,0.7,FEMALE,WHITE,EQ,UNKNOWN,1,0,0.666666667,237
8209,0.316666667,MALE,WHITE,FP,WITH TUMOR,0.666666667,1,0.666666667,1811
8210,0.3,MALE,ASIAN,FP,WITH TUMOR,0.666666667,1,0.666666667,153
8211,0.533333333,MALE,WHITE,FP,WITH TUMOR,1,0,0.333333333,86
8238,0.433333333,MALE,ASIAN,HU,TUMOR FREE,1,0,0.333333333,46
8243,0.6,MALE,ASIAN,HU,WITH TUMOR,1,1,0.333333333,180
8244,0.783333333,FEMALE,ASIAN,HU,TUMOR FREE,1,0,0,434
8249,0.766666667,MALE,ASIAN,HU,TUMOR FREE,1,0,0.333333333,431
8284,0.7,FEMALE,WHITE,BR,TUMOR FREE,1,0,0.666666667,22
8286,0.316666667,MALE,WHITE,BR,TUMOR FREE,1,0,0.666666667,13
8289,0.45,MALE,WHITE,BR,TUMOR FREE,1,0,0.666666667,8
8291,0.516666667,MALE,WHITE,BR,TUMOR FREE,1,0,1,36
8295,0.5,FEMALE,WHITE,BR,WITH TUMOR,1,0,0.666666667,47
8296,0.466666667,FEMALE,WHITE,BR,WITH TUMOR,1,0,0.666666667,45
8297,0.466666667,MALE,WHITE,BR,WITH TUMOR,1,0,1,23
8361,0.683333333,FEMALE,WHITE,BR,TUMOR FREE,1,0,0.666666667,12
8362,0.583333333,MALE,WHITE,BR,TUMOR FREE,1,0,0.666666667,11
8363,0.716666667,FEMALE,WHITE,BR,TUMOR FREE,1,1,0.666666667,8
8364,0.2,FEMALE,WHITE,BR,TUMOR FREE,1,0,0.666666667,67
8365,0.666666667,FEMALE,WHITE,BR,TUMOR FREE,1,0,0.666666667,90
8366,0.833333333,FEMALE,WHITE,BR,TUMOR FREE,1,0,0.666666667,17
8367,0.433333333,MALE,WHITE,BR,TUMOR FREE,1,0,0.666666667,33
8368,0.9,FEMALE,WHITE,BR,TUMOR FREE,1,0,0.666666667,42
8369,0.766666667,FEMALE,WHITE,BR,TUMOR FREE,1,0,0.666666667,25
8371,0.533333333,MALE,WHITE,BR,TUMOR FREE,1,0,0.666666667,11
8372,0.55,MALE,WHITE,BR,TUMOR FREE,1,0,0.666666667,18
8373,0.583333333,FEMALE,WHITE,BR,TUMOR FREE,1,0,0.333333333,26
8380,0.416666667,MALE,WHITE,BR,WITH TUMOR,1,0,0.666666667,21
8381,0.35,MALE,WHITE,BR,TUMOR FREE,1,0,0.666666667,8
8382,0.616666667,FEMALE,WHITE,BR,TUMOR FREE,1,0,0.666666667,13
8384,0.65,MALE,WHITE,BR,TUMOR FREE,1,0,0.666666667,21
8462,0.833333333,MALE,WHITE,IN,WITH TUMOR,1,0,0.333333333,319
8483,0.483333333,MALE,WHITE,BR,TUMOR FREE,1,0,0.333333333,25
8484,0.516666667,MALE,WHITE,BR,TUMOR FREE,1,0,0.333333333,22
8485,0.633333333,FEMALE,WHITE,BR,TUMOR FREE,1,0,0.666666667,9
8486,1,FEMALE,WHITE,BR,TUMOR FREE,1,0,0.333333333,0
8487,0.566666667,FEMALE,WHITE,BR,TUMOR FREE,1,0,0.666666667,21
8524,0.516666667,FEMALE,ASIAN,CD,TUMOR FREE,0.666666667,0,0.666666667,2
8525,0.866666667,FEMALE,ASIAN,CD,TUMOR FREE,0.666666667,0,0.666666667,2
8526,0.716666667,FEMALE,ASIAN,CD,TUMOR FREE,0.666666667,0,0.666666667,2
8527,0.7,FEMALE,ASIAN,CD,TUMOR FREE,0.666666667,0,0.333333333,2
8528,0.216666667,FEMALE,ASIAN,CD,TUMOR FREE,0.666666667,0,0.666666667,3
8529,0.583333333,MALE,ASIAN,CD,TUMOR FREE,0.666666667,0,0.333333333,4
8530,0.366666667,MALE,ASIAN,CD,TUMOR FREE,0.666666667,0,0.666666667,5
8531,0.6,FEMALE,ASIAN,CD,TUMOR FREE,0.666666667,0,0.666666667,3
8532,0.366666667,MALE,ASIAN,CD,TUMOR FREE,0.666666667,0,0.333333333,3
8533,0.3,MALE,ASIAN,CD,TUMOR FREE,0.666666667,0,0.666666667,4
8534,0.183333333,MALE,ASIAN,CD,TUMOR FREE,0.666666667,0,0.666666667,0
8535,0.483333333,MALE,ASIAN,CD,TUMOR FREE,0.666666667,0,0.666666667,4
8536,0.733333333,MALE,ASIAN,CD,TUMOR FREE,0.666666667,0,0.666666667,3
8570,0.233333333,MALE,WHITE,D7,TUMOR FREE,1,0,0.666666667,243
8572,0.45,MALE,WHITE,D7,TUMOR FREE,1,0,0.333333333,26
8573,0.45,MALE,WHITE,D7,TUMOR FREE,1,0,0.666666667,119
8574,0.7,MALE,WHITE,D7,TUMOR FREE,1,0,0.666666667,128
8575,0.75,MALE,WHITE,D7,TUMOR FREE,1,0,0.666666667,7
8576,0.4,FEMALE,WHITE,D7,TUMOR FREE,1,0,0.666666667,98
8578,0.7,MALE,WHITE,D7,TUMOR FREE,1,0,0.333333333,160
8579,0.6,FEMALE,WHITE,D7,TUMOR FREE,1,0,0.333333333,146
8588,0.416666667,FEMALE,WHITE,BR,TUMOR FREE,1,0,0.666666667,23
8589,0.433333333,MALE,WHITE,BR,TUMOR FREE,1,0,0.666666667,58
8590,0.533333333,MALE,WHITE,BR,TUMOR FREE,1,0,0.666666667,65
8591,0.816666667,MALE,WHITE,BR,TUMOR FREE,1,0,0.666666667,6
8592,0.55,FEMALE,WHITE,BR,TUMOR FREE,1,0,0.666666667,6
8602,0.466666667,FEMALE,ASIAN,HU,TUMOR FREE,1,0,0.666666667,347
8604,0.866666667,FEMALE,ASIAN,HU,TUMOR FREE,1,0,0.333333333,368
8608,0.666666667,MALE,ASIAN,HU,WITH TUMOR,1,0,0.666666667,323
8610,0.75,MALE,ASIAN,HU,TUMOR FREE,1,0,0.333333333,23
8631,0.633333333,MALE,WHITE,FP,TUMOR FREE,1,0,0.333333333,17
8663,0.633333333,MALE,WHITE,IN,TUMOR FREE,1,1,0.666666667,103
8676,0.483333333,MALE,WHITE,BR,TUMOR FREE,1,0,0.666666667,27
8677,0.733333333,FEMALE,WHITE,BR,TUMOR FREE,1,0,0.666666667,15
8678,0.766666667,MALE,WHITE,BR,TUMOR FREE,1,0,0.333333333,5
8679,0.55,FEMALE,WHITE,BR,TUMOR FREE,1,0,0.333333333,0
8680,0.25,MALE,ASIAN,BR,TUMOR FREE,1,0,0.333333333,24
8682,0.366666667,MALE,ASIAN,BR,TUMOR FREE,1,0,0.666666667,51
8683,0.75,MALE,ASIAN,BR,TUMOR FREE,1,0,0.666666667,18
8686,0.65,MALE,ASIAN,BR,TUMOR FREE,1,0,0.666666667,17
8687,0.616666667,FEMALE,WHITE,BR,WITH TUMOR,1,0,0.666666667,19
8690,0.4,FEMALE,WHITE,BR,TUMOR FREE,1,0,0.333333333,18
A448,0.666666667,MALE,WHITE,F1,TUMOR FREE,1,0,0.666666667,252
A44T,0.383333333,FEMALE,WHITE,BR,TUMOR FREE,1,0,0.666666667,13
A44U,0.666666667,MALE,WHITE,BR,TUMOR FREE,1,0,0.666666667,35
A452,0.45,MALE,ASIAN,BR,TUMOR FREE,1,0,0.666666667,20
A453,0.366666667,MALE,ASIAN,BR,TUMOR FREE,1,0,0.666666667,92
A486,0.633333333,MALE,ASIAN,CD,TUMOR FREE,1,0,0.333333333,2
A487,0.35,MALE,ASIAN,CD,TUMOR FREE,1,0,0.666666667,4
A489,0.466666667,MALE,ASIAN,CD,TUMOR FREE,1,0,0.666666667,4
A48A,0.45,MALE,ASIAN,CD,TUMOR FREE,1,0,0.333333333,4
A48C,0.833333333,FEMALE,ASIAN,CD,TUMOR FREE,1,0,0.666666667,4
A4BE,0.416666667,MALE,BLACK OR AFRICAN AMERICAN,FP,TUMOR FREE,1,0,0.666666667,35
A4BF,0.633333333,MALE,WHITE,FP,WITH TUMOR,1,0,0.666666667,47
A4CR,0.666666667,FEMALE,WHITE,BR,TUMOR FREE,1,0,0.666666667,0
A4CS,0.783333333,MALE,WHITE,BR,TUMOR FREE,1,0,0.666666667,28
A4G2,0.266666667,MALE,ASIAN,HU,TUMOR FREE,1,0,0.666666667,739
A4G3,0.4,MALE,ASIAN,HU,TUMOR FREE,1,0,0.333333333,170
A4G6,0.733333333,MALE,ASIAN,HU,TUMOR FREE,1,0,0.666666667,374
A4G8,0.683333333,FEMALE,ASIAN,HU,TUMOR FREE,1,0,0.666666667,360
A4G9,0.616666667,FEMALE,ASIAN,HU,TUMOR FREE,1,0,0.333333333,463
A4GC,0.733333333,MALE,ASIAN,HU,TUMOR FREE,1,0,0.666666667,99
A4GD,0.433333333,MALE,ASIAN,HU,WITH TUMOR,1,0,0.666666667,429
A4GF,0.65,MALE,ASIAN,HU,TUMOR FREE,1,0,0.333333333,519
A4GH,0.75,MALE,ASIAN,HU,TUMOR FREE,1,0,0.333333333,358
A4GJ,0.5,FEMALE,ASIAN,HU,WITH TUMOR,1,0,0.666666667,650
A4GN,0.516666667,MALE,ASIAN,HU,TUMOR FREE,1,0,0.333333333,640
A4GP,0.533333333,FEMALE,ASIAN,HU,TUMOR FREE,1,0,0.333333333,273
A4GQ,0.683333333,MALE,ASIAN,HU,TUMOR FREE,1,1,0.333333333,3
A4GT,0.683333333,FEMALE,ASIAN,HU,TUMOR FREE,1,0,0.666666667,198
A4GU,0.733333333,MALE,ASIAN,HU,TUMOR FREE,1,0,0.666666667,190
A4GX,0.666666667,FEMALE,ASIAN,HU,TUMOR FREE,1,0,0.666666667,310
A4GY,0.783333333,FEMALE,ASIAN,HU,TUMOR FREE,1,0,0.666666667,8
A4H0,0.7,MALE,ASIAN,HU,TUMOR FREE,1,0,0.666666667,64
A4H2,0.466666667,FEMALE,ASIAN,HU,TUMOR FREE,1,0,0.333333333,394
A4H3,0.433333333,FEMALE,ASIAN,HU,WITH TUMOR,1,0,0.666666667,589
A4H4,0.383333333,FEMALE,ASIAN,HU,TUMOR FREE,1,0,0.666666667,538
A4H5,0.683333333,MALE,ASIAN,HU,TUMOR FREE,1,0,1,374
A4H6,0.7,FEMALE,ASIAN,HU,WITH TUMOR,1,0,0.333333333,294
A4H8,0.783333333,MALE,ASIAN,HU,TUMOR FREE,1,0,0.333333333,270
A4HB,0.633333333,MALE,ASIAN,HU,TUMOR FREE,1,0,0.666666667,268
A4HD,0.716666667,MALE,ASIAN,HU,TUMOR FREE,1,0,0.333333333,834
A4IU,0.066666667,FEMALE,ASIAN,BR,TUMOR FREE,1,0,0.666666667,18
A4IV,0.283333333,MALE,ASIAN,BR,TUMOR FREE,1,0,0.666666667,28
A4IY,0.466666667,MALE,ASIAN,BR,TUMOR FREE,1,0,0.666666667,12
A4IZ,0.25,FEMALE,ASIAN,BR,TUMOR FREE,1,0,0.666666667,24
A4J1,0.55,MALE,ASIAN,BR,UNKNOWN,1,1,0.666666667,22
A4J2,0.666666667,MALE,ASIAN,BR,TUMOR FREE,1,0,0.666666667,24
A4J4,0.15,MALE,ASIAN,BR,TUMOR FREE,1,0,0.666666667,16
A4J5,0.433333333,MALE,ASIAN,BR,TUMOR FREE,1,0,0.666666667,13
A4J6,0.65,FEMALE,WHITE,BR,TUMOR FREE,1,0,0.333333333,4
A4J7,0.316666667,MALE,ASIAN,BR,TUMOR FREE,1,0,0.666666667,14
A4J8,0.683333333,FEMALE,WHITE,BR,TUMOR FREE,1,0,0.666666667,7
A4J9,0.416666667,MALE,WHITE,BR,TUMOR FREE,1,0,0.666666667,3
A4MG,0.766666667,MALE,ASIAN,CD,TUMOR FREE,1,0,0.666666667,2
A4MH,0.933333333,FEMALE,ASIAN,CD,TUMOR FREE,1,0,0.333333333,3
A4MI,0.533333333,MALE,ASIAN,CD,TUMOR FREE,0.666666667,0,0,3
A4MJ,0.5,MALE,ASIAN,CD,TUMOR FREE,1,0,0.333333333,3
A4PD,0.7,FEMALE,WHITE,BR,TUMOR FREE,1,0,0.666666667,41
A4PE,0.633333333,FEMALE,WHITE,BR,TUMOR FREE,1,0,0.333333333,0
A4PF,0.7,MALE,WHITE,BR,TUMOR FREE,1,0,0.666666667,22
A4QI,0.683333333,FEMALE,WHITE,BR,TUMOR FREE,1,0,0.666666667,15
A4QL,0.75,FEMALE,WHITE,BR,TUMOR FREE,1,0,0.333333333,0
A4QM,0.583333333,MALE,WHITE,BR,TUMOR FREE,1,0,0.666666667,17
A4SO,0.666666667,MALE,WHITE,EQ,TUMOR FREE,1,0,0.333333333,242
A4YT,0.433333333,MALE,WHITE,D7,TUMOR FREE,1,0,0.333333333,129
A4YU,0.716666667,MALE,WHITE,D7,TUMOR FREE,1,0,0.666666667,210
A4YV,0.65,FEMALE,WHITE,D7,TUMOR FREE,1,0,0.666666667,180
A4YX,0.55,MALE,WHITE,D7,TUMOR FREE,1,0,0.666666667,244
A4YY,0.516666667,MALE,WHITE,D7,TUMOR FREE,1,0,0.666666667,104
A4Z0,0.5,FEMALE,WHITE,D7,TUMOR FREE,1,0,0.666666667,148
A5NB,0.75,FEMALE,ASIAN,HF,TUMOR FREE,1,0,0.666666667,550
A5TI,0.366666667,MALE,WHITE,B7,TUMOR FREE,1,0,0.666666667,230
A5TJ,0.733333333,MALE,WHITE,B7,TUMOR FREE,1,0,0,25
A5TK,0.35,MALE,WHITE,B7,TUMOR FREE,1,0,0.666666667,55
A5TN,0.5,MALE,WHITE,B7,TUMOR FREE,1,0,0.333333333,166
A5UG,0.8,MALE,ASIAN,MX,TUMOR FREE,0.666666667,1,0.666666667,113
A5UJ,0.933333333,FEMALE,WHITE,MX,TUMOR FREE,1,0,0.666666667,137
A663,0.6,MALE,WHITE,MX,TUMOR FREE,1,0,0.666666667,131
A666,0.516666667,MALE,WHITE,MX,TUMOR FREE,1,0,0.333333333,70
A6EV,0.683333333,FEMALE,WHITE,D7,TUMOR FREE,1,0,0.666666667,342
A6EX,0.7,FEMALE,WHITE,D7,TUMOR FREE,1,0,0.666666667,344
A6EY,0.7,FEMALE,WHITE,D7,WITH TUMOR,1,1,0.666666667,348
A6EZ,0.6,MALE,WHITE,D7,TUMOR FREE,1,0,0.666666667,297
A6F0,0.816666667,FEMALE,WHITE,D7,TUMOR FREE,1,0,0.666666667,90
A6F2,0.533333333,MALE,WHITE,D7,TUMOR FREE,1,0,0.666666667,476
A6F7,0.4,FEMALE,WHITE,KB,TUMOR FREE,0.666666667,0,0.666666667,1572
A6RI,0.25,MALE,WHITE,IN,TUMOR FREE,1,0,0.333333333,559
A6RJ,0.566666667,MALE,WHITE,IN,TUMOR FREE,1,0,0.666666667,163
A6RL,0.9,MALE,WHITE,IN,TUMOR FREE,1,0,0.333333333,158
A6RN,0.7,FEMALE,WHITE,IN,TUMOR FREE,1,0,0.333333333,398
A6RO,0.666666667,MALE,ASIAN,IN,UNKNOWN,1,1,0.333333333,0
A6RR,0.9,MALE,WHITE,IN,TUMOR FREE,1,1,0.666666667,205
A6RS,0.766666667,MALE,WHITE,IN,TUMOR FREE,1,0,0.333333333,209
A72C,0.633333333,MALE,ASIAN,F1,TUMOR FREE,1,0,0.333333333,247
A747,0.45,MALE,WHITE,D7,WITH TUMOR,1,1,0.666666667,255
A748,0.183333333,FEMALE,WHITE,D7,WITH TUMOR,1,1,0.666666667,132
A74A,0.516666667,FEMALE,WHITE,D7,TUMOR FREE,1,0,0.333333333,225
A7BS,0.266666667,MALE,WHITE,RD,WITH TUMOR,0.666666667,1,0.666666667,336
A7BT,0.6,MALE,NATIVE HAWAIIAN OR OTHER PACIFIC ISLANDER,RD,WITH TUMOR,0.666666667,1,0.666666667,262
A7BW,0.633333333,FEMALE,WHITE,RD,TUMOR FREE,0.666666667,1,0.666666667,156
A7C1,0.866666667,MALE,WHITE,RD,WITH TUMOR,0.666666667,1,0.666666667,507
A7EA,0.516666667,FEMALE,WHITE,SW,UNKNOWN,1,0,1,13
A7EB,0.25,MALE,WHITE,SW,UNKNOWN,1,0,0.333333333,176
A7NR,0.566666667,FEMALE,WHITE,IN,TUMOR FREE,1,0,0.666666667,198
A7NT,0.716666667,FEMALE,WHITE,IN,TUMOR FREE,1,0,0.666666667,169
A7NU,0.65,MALE,WHITE,IN,UNKNOWN,1,0,0.666666667,55
A7O7,0.366666667,MALE,WHITE,R5,TUMOR FREE,1,0,0.333333333,1389
A7ZE,0.6,FEMALE,WHITE,R5,WITH TUMOR,1,1,0.333333333,554
A7ZF,0.583333333,FEMALE,BLACK OR AFRICAN AMERICAN,R5,WITH TUMOR,1,1,0.333333333,259
A7ZI,0.233333333,FEMALE,WHITE,R5,WITH TUMOR,0.666666667,0,0.666666667,1863
A7ZR,0.666666667,FEMALE,BLACK OR AFRICAN AMERICAN,R5,WITH TUMOR,0.666666667,1,0.333333333,185
A805,0.683333333,MALE,WHITE,R5,WITH TUMOR,0.666666667,1,0.666666667,281
A8CX,0.5,MALE,WHITE,FP,TUMOR FREE,1,0,0.666666667,7
A8DT,0.216666667,MALE,ASIAN,VQ,TUMOR FREE,1,0,0.666666667,1148
A8DU,0.55,MALE,WHITE,VQ,WITH TUMOR,1,1,0.333333333,166
A8DV,0.3,MALE,WHITE,VQ,WITH TUMOR,0.666666667,1,0.333333333,403
A8DZ,0.666666667,MALE,BLACK OR AFRICAN AMERICAN,VQ,WITH TUMOR,1,1,0.666666667,396
A8E0,0.633333333,MALE,BLACK OR AFRICAN AMERICAN,VQ,WITH TUMOR,1,1,0.666666667,562
A8E2,0.45,MALE,ASIAN,VQ,TUMOR FREE,0.666666667,0,0.333333333,946
A8E3,0.816666667,MALE,WHITE,VQ,UNKNOWN,1,1,0.666666667,661
A8E7,0.483333333,MALE,WHITE,VQ,WITH TUMOR,1,0,0.333333333,787
A8F6,0.683333333,MALE,WHITE,ZA,UNKNOWN,1,0,0.333333333,128
A8MV,0.433333333,MALE,WHITE,RD,TUMOR FREE,0.666666667,0,0.666666667,3720
A8MW,0.7,MALE,WHITE,RD,WITH TUMOR,0.666666667,1,0.666666667,1153
A8N0,0.383333333,FEMALE,WHITE,RD,TUMOR FREE,0.666666667,0,0.666666667,1236
A8N1,0.666666667,MALE,WHITE,RD,TUMOR FREE,0.666666667,0,0.666666667,3519
A8N2,0.483333333,FEMALE,WHITE,RD,TUMOR FREE,0.666666667,0,0.666666667,3540
A8N4,0.466666667,FEMALE,WHITE,RD,TUMOR FREE,0.666666667,0,0.666666667,2171
A8N5,0.8,MALE,WHITE,RD,TUMOR FREE,0.666666667,1,0.333333333,1747
A8N6,0.8,FEMALE,WHITE,RD,WITH TUMOR,0.666666667,1,0.666666667,272
A8N9,0.55,FEMALE,ASIAN,RD,TUMOR FREE,0.666666667,0,0.666666667,1083
A8NB,0.833333333,FEMALE,WHITE,RD,WITH TUMOR,0.666666667,1,0.666666667,513
A8P2,0.633333333,MALE,WHITE,VQ,TUMOR FREE,1,0,0.333333333,680
A8P3,0.7,MALE,WHITE,VQ,TUMOR FREE,1,0,0.333333333,723
A8P5,0.616666667,MALE,WHITE,VQ,UNKNOWN,1,1,0.666666667,235
A8P8,0.7,FEMALE,BLACK OR AFRICAN AMERICAN,VQ,TUMOR FREE,1,0,0.333333333,580
A8PB,0.583333333,FEMALE,WHITE,VQ,TUMOR FREE,0.666666667,0,0.333333333,1023
A8PC,0.583333333,MALE,WHITE,VQ,WITH TUMOR,0.666666667,1,0.666666667,1407
A8PD,0.65,MALE,WHITE,VQ,WITH TUMOR,1,1,0.333333333,496
A8PE,0.8,MALE,WHITE,VQ,WITH TUMOR,1,0,0.666666667,422
A8PF,0.783333333,MALE,NATIVE HAWAIIAN OR OTHER PACIFIC ISLANDER,VQ,TUMOR FREE,1,1,0.666666667,76
A8PH,0.533333333,MALE,WHITE,VQ,WITH TUMOR,1,1,0.333333333,389
A8PJ,0.383333333,MALE,ASIAN,VQ,WITH TUMOR,0.666666667,1,1,82
A8PK,0.466666667,MALE,WHITE,VQ,WITH TUMOR,1,1,0.333333333,543
A8PM,0.433333333,MALE,WHITE,VQ,WITH TUMOR,0.666666667,1,0.666666667,57
A8PO,0.733333333,MALE,WHITE,VQ,UNKNOWN,1,1,0.666666667,282
A8PP,0.766666667,MALE,WHITE,VQ,WITH TUMOR,0.666666667,1,0.333333333,712
A8PQ,0.333333333,FEMALE,WHITE,VQ,WITH TUMOR,0.666666667,1,0.333333333,476
A8PU,0.7,FEMALE,WHITE,VQ,TUMOR FREE,1,0,0.666666667,717
A8PX,0.35,MALE,BLACK OR AFRICAN AMERICAN,VQ,TUMOR FREE,0.666666667,0,0.333333333,1597
A91A,0.616666667,MALE,WHITE,VQ,TUMOR FREE,1,0,0,873
A91D,0.666666667,MALE,WHITE,VQ,WITH TUMOR,1,1,0.333333333,356
A91E,0.616666667,FEMALE,WHITE,VQ,TUMOR FREE,1,0,0.666666667,264
A91K,0.65,MALE,WHITE,VQ,TUMOR FREE,0.666666667,0,0.333333333,1498
A91N,0.483333333,FEMALE,WHITE,VQ,WITH TUMOR,0.666666667,1,0.333333333,570
A91Q,0.516666667,MALE,ASIAN,VQ,WITH TUMOR,0.666666667,1,0.666666667,633
A91S,0.55,MALE,BLACK OR AFRICAN AMERICAN,VQ,TUMOR FREE,1,0,1,690
A91U,0.8,MALE,ASIAN,VQ,UNKNOWN,0.666666667,1,0.333333333,52
A91V,0.466666667,MALE,WHITE,VQ,WITH TUMOR,1,0,0.333333333,974
A91W,0,MALE,WHITE,VQ,UNKNOWN,0.666666667,0,0.333333333,224
A91X,0.733333333,MALE,WHITE,VQ,TUMOR FREE,0.666666667,1,0.666666667,289
A91Y,0.616666667,MALE,WHITE,VQ,WITH TUMOR,0.666666667,1,0.666666667,296
A91Z,0.616666667,FEMALE,WHITE,VQ,WITH TUMOR,0.666666667,0,0.333333333,1346
A922,0.666666667,MALE,WHITE,VQ,UNKNOWN,0.666666667,1,0.333333333,275
A923,1,MALE,WHITE,VQ,TUMOR FREE,0.666666667,1,0.666666667,0
A924,0.65,MALE,ASIAN,VQ,WITH TUMOR,0.666666667,1,0.333333333,1686
A925,0.6,MALE,WHITE,VQ,WITH TUMOR,1,1,0.333333333,138
A927,0.85,MALE,WHITE,VQ,WITH TUMOR,1,1,0,200
A928,0.316666667,MALE,WHITE,VQ,WITH TUMOR,0.666666667,1,0.333333333,174
A92D,0.616666667,MALE,WHITE,VQ,TUMOR FREE,0.666666667,0,0.333333333,1683
A93G,0.633333333,MALE,WHITE,KB,TUMOR FREE,1,0,0,432
A93H,0.816666667,FEMALE,ASIAN,KB,TUMOR FREE,1,0,0,879
A93J,0.8,MALE,WHITE,KB,UNKNOWN,0.666666667,0,0.666666667,1124
A94O,0.733333333,MALE,BLACK OR AFRICAN AMERICAN,VQ,WITH TUMOR,1,1,0.333333333,640
A94P,0.45,MALE,WHITE,VQ,WITH TUMOR,1,1,1,81
A94R,0.55,MALE,WHITE,VQ,WITH TUMOR,1,1,0.333333333,1294
A94T,0.716666667,MALE,WHITE,VQ,WITH TUMOR,0.666666667,1,0.666666667,342
A94U,0.683333333,MALE,WHITE,VQ,TUMOR FREE,1,0,0.666666667,468
A9CR,0.816666667,FEMALE,WHITE,ZQ,UNKNOWN,1,1,0.666666667,24
A9TM,0.783333333,MALE,WHITE,FP,TUMOR FREE,1,0,0.333333333,189
AA64,0.633333333,MALE,WHITE,VQ,WITH TUMOR,1,1,0.333333333,560
AA68,0.366666667,FEMALE,WHITE,VQ,TUMOR FREE,1,0,0.333333333,1219
AA69,0.083333333,MALE,WHITE,VQ,TUMOR FREE,1,0,0.333333333,542
AA6A,0.433333333,MALE,WHITE,VQ,TUMOR FREE,1,0,0.333333333,848
AA6B,0.3,MALE,WHITE,VQ,TUMOR FREE,1,0,0.333333333,793
AA6D,0.366666667,FEMALE,WHITE,VQ,TUMOR FREE,1,0,0.333333333,521
AA6F,0.466666667,MALE,WHITE,VQ,TUMOR FREE,1,0,0.333333333,1646
AA6G,0.633333333,MALE,WHITE,VQ,WITH TUMOR,1,1,0.333333333,792
AA6I,0.633333333,MALE,WHITE,VQ,WITH TUMOR,1,1,0.666666667,491
AA6J,0.75,MALE,BLACK OR AFRICAN AMERICAN,VQ,TUMOR FREE,1,0,0.666666667,642
AA6K,0.5,MALE,WHITE,VQ,WITH TUMOR,0.666666667,1,0.666666667,378
AB1V,0.55,MALE,WHITE,IN,TUMOR FREE,1,0,0.333333333,238
AB1X,0.8,FEMALE,WHITE,IN,TUMOR FREE,1,0,0.666666667,190